,PlayerID,Name,Team,Starting Pitcher,Relief Pitcher,G,GS,IP,H,RA,ER,HR,BB,HB,K,QS,CG,SO,BF,PC,W,L,WIN%,SOP,SV,BS,SV%,HD,BAA,ERA,OBA,WHIP,K/9,PTW,K/BB,SVHD
0,1879,Clayton Kershaw,LAD,1.0,,32.0,32.0,224.0,162.0,59.0,53.0,16.0,43.0,3.0,253.0,27.0,4.0,2.0,865.0,0.0,20.0,5.0,0.8,0.0,0.0,0.0,0.0,0.0,0.198,2.13,0.24,0.92,10.17,0.0,5.88,0.0
1,1129,Felix Hernandez,Sea,1.0,,33.0,33.0,226.0,175.0,64.0,58.0,15.0,49.0,6.0,234.0,27.0,2.0,2.0,899.0,0.0,18.0,7.0,0.72,0.0,0.0,0.0,0.0,0.0,0.207,2.31,0.256,0.99,9.32,0.0,4.78,0.0
2,1870,Max Scherzer,Wsh,1.0,,33.0,33.0,216.0,178.0,80.0,75.0,20.0,60.0,5.0,262.0,24.0,0.0,0.0,878.0,0.0,16.0,8.0,0.667,0.0,0.0,0.0,0.0,0.0,0.219,3.13,0.277,1.1,10.92,0.0,4.37,0.0
3,3387,Chris Sale,CWS,1.0,,32.0,32.0,214.0,169.0,70.0,65.0,21.0,52.0,12.0,232.0,25.0,3.0,0.0,856.0,0.0,17.0,7.0,0.708,0.0,0.0,0.0,0.0,0.0,0.213,2.73,0.272,1.03,9.76,0.0,4.46,0.0
4,2698,Stephen Strasburg,Wsh,1.0,,34.0,34.0,218.0,183.0,78.0,72.0,20.0,49.0,7.0,243.0,26.0,0.0,0.0,881.0,0.0,17.0,7.0,0.708,0.0,0.0,0.0,0.0,0.0,0.222,2.97,0.271,1.06,10.03,0.0,4.96,0.0
5,2584,Madison Bumgarner,SF,1.0,,33.0,33.0,216.0,182.0,78.0,70.0,18.0,50.0,6.0,209.0,25.0,2.0,1.0,870.0,0.0,16.0,8.0,0.667,0.0,0.0,0.0,0.0,0.0,0.224,2.92,0.274,1.07,8.71,0.0,4.18,0.0
6,3440,Corey Kluber,Cle,1.0,,33.0,33.0,219.0,205.0,90.0,78.0,18.0,56.0,7.0,236.0,24.0,2.0,1.0,916.0,0.0,15.0,9.0,0.625,0.0,0.0,0.0,0.0,0.0,0.24,3.21,0.293,1.19,9.7,0.0,4.21,0.0
7,1864,David Price,Det,1.0,,32.0,32.0,216.0,197.0,89.0,79.0,23.0,37.0,7.0,216.0,22.0,3.0,0.0,863.0,0.0,16.0,8.0,0.667,0.0,0.0,0.0,0.0,0.0,0.241,3.29,0.279,1.08,9.0,0.0,5.84,0.0
8,1873,Johnny Cueto,Cin,1.0,,31.0,31.0,208.0,166.0,67.0,61.0,20.0,50.0,12.0,194.0,24.0,2.0,1.0,834.0,0.0,16.0,7.0,0.696,0.0,0.0,0.0,0.0,0.0,0.215,2.64,0.273,1.04,8.39,0.0,3.88,0.0
9,957,Zack Greinke,LAD,1.0,,33.0,33.0,208.0,190.0,71.0,67.0,18.0,48.0,3.0,202.0,25.0,0.0,0.0,845.0,0.0,16.0,7.0,0.696,0.0,0.0,0.0,0.0,0.0,0.239,2.9,0.285,1.14,8.74,0.0,4.21,0.0
10,1403,Jon Lester,ChC,1.0,,33.0,33.0,218.0,205.0,90.0,81.0,21.0,51.0,7.0,208.0,23.0,2.0,1.0,910.0,0.0,14.0,10.0,0.583,0.0,0.0,0.0,0.0,0.0,0.241,3.34,0.289,1.17,8.59,0.0,4.08,0.0
11,2512,Jordan Zimmermann,Wsh,1.0,,34.0,34.0,216.0,207.0,81.0,75.0,19.0,36.0,7.0,179.0,25.0,2.0,1.0,877.0,0.0,16.0,8.0,0.667,0.0,0.0,0.0,0.0,0.0,0.248,3.13,0.285,1.13,7.46,0.0,4.97,0.0
12,1148,Cole Hamels,Phi,1.0,,32.0,32.0,217.0,190.0,82.0,76.0,21.0,59.0,8.0,208.0,23.0,1.0,1.0,882.0,0.0,15.0,9.0,0.625,0.0,0.0,0.0,0.0,0.0,0.233,3.15,0.291,1.15,8.63,0.0,3.53,0.0
13,2798,Aroldis Chapman,Cin,,1,70.0,0.0,70.0,35.0,16.0,16.0,5.0,27.0,3.0,130.0,0.0,0.0,0.0,272.0,0.0,4.0,4.0,0.5,46.0,42.0,4.0,0.913,0.0,0.145,2.06,0.239,0.89,16.71,0.0,4.81,42.0
14,3056,Craig Kimbrel,Atl,,1,71.0,0.0,70.0,41.0,18.0,16.0,3.0,25.0,2.0,107.0,0.0,0.0,0.0,268.0,0.0,4.0,3.0,0.571,47.0,44.0,3.0,0.936,0.0,0.17,2.06,0.254,0.94,13.76,0.0,4.28,44.0
15,2009,Jeff Samardzija,CWS,1.0,,33.0,33.0,215.0,192.0,92.0,84.0,22.0,59.0,10.0,206.0,22.0,2.0,0.0,890.0,0.0,14.0,10.0,0.583,0.0,0.0,0.0,0.0,0.0,0.234,3.52,0.293,1.17,8.62,0.0,3.49,0.0
16,3384,Greg Holland,KC,,1,71.0,0.0,70.0,46.0,18.0,16.0,4.0,25.0,0.0,99.0,0.0,0.0,0.0,279.0,0.0,4.0,3.0,0.571,51.0,47.0,4.0,0.922,0.0,0.181,2.06,0.254,1.01,12.73,0.0,3.96,47.0
17,4555,Sonny Gray,Oak,1.0,,33.0,33.0,218.0,190.0,91.0,82.0,15.0,84.0,5.0,181.0,23.0,2.0,2.0,908.0,0.0,15.0,9.0,0.625,0.0,0.0,0.0,0.0,0.0,0.232,3.39,0.307,1.26,7.47,0.0,2.15,0.0
18,3553,Julio Teheran,Atl,1.0,,33.0,33.0,213.0,194.0,88.0,80.0,25.0,54.0,9.0,176.0,23.0,2.0,1.0,892.0,0.0,14.0,10.0,0.583,0.0,0.0,0.0,0.0,0.0,0.234,3.38,0.288,1.16,7.44,0.0,3.26,0.0
19,844,Adam Wainwright,StL,1.0,,33.0,33.0,208.0,194.0,86.0,80.0,15.0,44.0,6.0,177.0,21.0,1.0,1.0,839.0,0.0,14.0,9.0,0.609,0.0,0.0,0.0,0.0,0.0,0.246,3.46,0.291,1.14,7.66,0.0,4.02,0.0
20,1392,James Shields,SD,1.0,,33.0,33.0,218.0,212.0,104.0,85.0,20.0,50.0,9.0,190.0,21.0,2.0,1.0,900.0,0.0,14.0,10.0,0.583,0.0,0.0,0.0,0.0,0.0,0.252,3.51,0.301,1.2,7.84,0.0,3.8,0.0
21,4554,Gerrit Cole,Pit,1.0,,30.0,30.0,187.0,165.0,72.0,66.0,14.0,59.0,15.0,171.0,22.0,0.0,0.0,771.0,0.0,13.0,8.0,0.619,0.0,0.0,0.0,0.0,0.0,0.237,3.18,0.31,1.2,8.23,0.0,2.9,0.0
22,3686,Matt Harvey,NYM,1.0,,24.0,24.0,157.0,123.0,54.0,53.0,12.0,49.0,7.0,172.0,18.0,1.0,1.0,637.0,0.0,11.0,6.0,0.647,0.0,0.0,0.0,0.0,0.0,0.212,3.04,0.281,1.1,9.86,0.0,3.51,0.0
23,1878,Gio Gonzalez,Wsh,1.0,,32.0,32.0,198.0,169.0,80.0,75.0,15.0,71.0,4.0,196.0,22.0,1.0,1.0,820.0,0.0,13.0,9.0,0.591,0.0,0.0,0.0,0.0,0.0,0.227,3.41,0.298,1.21,8.91,0.0,2.76,0.0
24,2369,Tyson Ross,SD,1.0,,32.0,32.0,196.0,167.0,81.0,69.0,14.0,72.0,9.0,189.0,23.0,1.0,1.0,824.0,0.0,12.0,10.0,0.545,0.0,0.0,0.0,0.0,0.0,0.225,3.17,0.301,1.22,8.68,0.0,2.63,0.0
25,2174,Mark Melancon,Pit,,1,69.0,0.0,70.0,54.0,17.0,16.0,4.0,11.0,3.0,71.0,0.0,0.0,0.0,281.0,0.0,4.0,4.0,0.5,46.0,43.0,3.0,0.935,0.0,0.202,2.06,0.242,0.93,9.13,0.0,6.45,43.0
26,5295,Jacob deGrom,NYM,1.0,,30.0,30.0,191.0,172.0,76.0,69.0,15.0,53.0,2.0,177.0,21.0,0.0,0.0,805.0,0.0,12.0,9.0,0.571,0.0,0.0,0.0,0.0,0.0,0.229,3.25,0.282,1.18,8.34,0.0,3.34,0.0
27,4418,Trevor Rosenthal,StL,,1,70.0,0.0,70.0,55.0,25.0,23.0,5.0,29.0,4.0,88.0,0.0,0.0,0.0,292.0,0.0,4.0,4.0,0.5,49.0,44.0,5.0,0.898,0.0,0.212,2.96,0.301,1.2,11.31,0.0,3.03,44.0
28,1881,Carlos Carrasco,Cle,1.0,1,31.0,31.0,185.0,163.0,76.0,70.0,13.0,51.0,8.0,188.0,20.0,1.0,1.0,768.7,0.0,12.0,8.0,0.6,0.0,0.0,0.0,0.0,0.0,0.23,3.41,0.289,1.16,9.15,0.0,3.69,0.0
29,5655,Masahiro Tanaka,NYY,1.0,,26.0,26.0,169.0,161.0,71.0,63.0,16.0,28.0,5.0,174.0,18.0,1.0,1.0,672.0,0.0,13.0,6.0,0.684,0.0,0.0,0.0,0.0,0.0,0.252,3.36,0.289,1.12,9.27,0.0,6.21,0.0
30,2412,Jake Arrieta,ChC,1.0,,32.0,32.0,195.0,167.0,79.0,74.0,15.0,70.0,8.0,193.0,21.0,1.0,1.0,813.0,0.0,14.0,9.0,0.609,0.0,0.0,0.0,0.0,0.0,0.227,3.42,0.301,1.22,8.91,0.0,2.76,0.0
31,1983,David Robertson,CWS,,1,74.0,0.0,72.0,55.0,20.0,19.0,5.0,25.0,1.0,100.0,0.0,0.0,0.0,290.0,0.0,4.0,4.0,0.5,45.0,41.0,4.0,0.911,0.0,0.208,2.38,0.279,1.11,12.5,0.0,4.0,41.0
32,2648,Kenley Jansen,LAD,,1,55.0,0.0,55.0,39.0,18.0,14.0,5.0,15.0,1.0,85.0,0.0,0.0,0.0,216.0,0.0,3.0,3.0,0.5,40.0,36.0,4.0,0.9,0.0,0.195,2.29,0.255,0.98,13.91,0.0,5.67,36.0
33,3344,Garrett Richards,LAA,1.0,,29.0,29.0,182.0,157.0,70.0,68.0,14.0,63.0,7.0,167.0,20.0,1.0,1.0,776.5,0.0,14.0,8.0,0.636,0.0,0.0,0.0,0.0,0.0,0.222,3.36,0.292,1.21,8.26,0.0,2.65,0.0
34,3548,Alex Cobb,TB,1.0,,28.0,28.0,174.0,153.0,68.0,64.0,12.0,51.0,11.0,158.0,20.0,1.0,0.0,718.0,0.0,11.0,8.0,0.579,0.0,0.0,0.0,0.0,0.0,0.233,3.31,0.299,1.17,8.17,0.0,3.1,0.0
35,4665,Cody Allen,Cle,,1,71.0,0.0,70.0,54.0,26.0,23.0,7.0,27.0,1.0,89.0,0.0,0.0,0.0,290.0,0.0,4.0,4.0,0.5,46.0,42.0,4.0,0.913,0.0,0.206,2.96,0.283,1.16,11.44,0.0,3.3,42.0
36,5135,Michael Wacha,StL,1.0,,28.0,28.0,162.0,145.0,63.0,60.0,14.0,46.0,5.0,148.0,20.0,0.0,0.0,659.0,0.0,11.0,7.0,0.611,0.0,0.0,0.0,0.0,0.0,0.238,3.33,0.297,1.18,8.22,0.0,3.22,0.0
37,3584,Dellin Betances,NYY,,1,80.0,0.0,80.0,49.0,23.0,21.0,5.0,34.0,5.0,110.0,0.0,0.0,0.0,339.0,0.0,5.0,4.0,0.556,35.0,30.0,5.0,0.857,7.0,0.163,2.36,0.26,1.04,12.38,0.0,3.24,37.0
38,1610,Homer Bailey,Cin,1.0,,30.0,30.0,192.0,178.0,79.0,74.0,22.0,50.0,9.0,166.0,21.0,2.0,1.0,794.0,0.0,13.0,10.0,0.565,0.0,0.0,0.0,0.0,0.0,0.242,3.47,0.298,1.19,7.78,0.0,3.32,0.0
39,4503,Hisashi Iwakuma,Sea,1.0,,28.0,28.0,178.0,167.0,69.0,66.0,17.0,39.0,2.0,149.0,20.0,0.0,0.0,715.0,0.0,13.0,8.0,0.619,0.0,0.0,0.0,0.0,0.0,0.248,3.34,0.291,1.16,7.53,0.0,3.82,0.0
40,3257,Lance Lynn,StL,1.0,,33.0,33.0,205.0,186.0,87.0,82.0,17.0,70.0,9.0,185.0,22.0,1.0,0.0,869.0,0.0,13.0,10.0,0.565,0.0,0.0,0.0,0.0,0.0,0.235,3.6,0.305,1.25,8.12,0.0,2.64,0.0
41,5114,Alex Wood,Atl,1.0,1,28.0,28.0,170.0,153.0,67.0,61.0,13.0,49.0,5.0,164.0,20.0,1.0,0.0,693.0,0.0,11.0,8.0,0.579,0.0,0.0,0.0,0.0,0.0,0.239,3.23,0.299,1.19,8.68,0.0,3.35,0.0
42,1255,Jonathan Papelbon,Phi,,1,70.0,0.0,70.0,55.0,23.0,21.0,6.0,16.0,4.0,70.0,0.0,0.0,0.0,282.0,0.0,3.0,4.0,0.429,43.0,38.0,5.0,0.884,0.0,0.21,2.7,0.266,1.01,9.0,0.0,4.38,38.0
43,3462,Chris Archer,TB,1.0,,32.0,32.0,192.0,167.0,83.0,74.0,16.0,76.0,12.0,175.0,22.0,1.0,1.0,804.0,0.0,12.0,9.0,0.571,0.0,0.0,0.0,0.0,0.0,0.233,3.47,0.317,1.27,8.2,0.0,2.3,0.0
44,1113,Huston Street,LAA,,1,66.0,0.0,65.0,48.0,17.0,17.0,7.0,15.0,0.0,63.0,0.0,0.0,0.0,249.0,0.0,4.0,4.0,0.5,42.0,40.0,2.0,0.952,0.0,0.205,2.35,0.253,0.97,8.72,0.0,4.2,40.0
45,2694,Doug Fister,Wsh,1.0,,30.0,30.0,195.0,196.0,84.0,75.0,18.0,38.0,10.0,131.0,21.0,1.0,1.0,807.0,0.0,12.0,9.0,0.571,0.0,0.0,0.0,0.0,0.0,0.258,3.46,0.302,1.2,6.05,0.0,3.45,0.0
46,2398,Koji Uehara,Bos,,1,65.0,0.0,65.0,48.0,16.0,16.0,8.0,7.0,1.0,80.0,0.0,0.0,0.0,239.0,0.0,4.0,3.0,0.571,43.0,38.0,5.0,0.884,0.0,0.208,2.22,0.234,0.85,11.08,0.0,11.43,38.0
47,2490,Mat Latos,Mia,1.0,,31.0,31.0,200.0,189.0,82.0,75.0,15.0,52.0,7.0,152.0,22.0,1.0,0.0,825.0,0.0,12.0,10.0,0.545,0.0,0.0,0.0,0.0,0.0,0.247,3.38,0.301,1.21,6.84,0.0,2.92,0.0
48,3404,Steve Cishek,Mia,,1,70.0,0.0,68.0,56.0,25.0,21.0,4.0,24.0,2.0,83.0,0.0,0.0,0.0,285.0,0.0,4.0,3.0,0.571,45.0,41.0,4.0,0.911,0.0,0.216,2.78,0.288,1.18,10.99,0.0,3.46,41.0
49,1334,Glen Perkins,Min,,1,73.0,0.0,73.0,64.0,26.0,23.0,8.0,15.0,2.0,83.0,0.0,0.0,0.0,293.0,0.0,3.0,4.0,0.429,44.0,39.0,5.0,0.886,0.0,0.232,2.84,0.276,1.08,10.23,0.0,5.53,39.0
0,2402,Andrew Cashner,SD,1.0,,28.0,28.0,175.0,163.0,73.0,64.0,13.0,45.0,3.0,137.0,20.0,2.0,2.0,722.0,0.0,11.0,8.0,0.579,0.0,0.0,0.0,0.0,0.0,0.242,3.29,0.292,1.19,7.05,0.0,3.04,0.0
1,765,Fernando Rodney,Sea,,1,70.0,0.0,68.0,55.0,24.0,20.0,3.0,26.0,2.0,75.0,0.0,0.0,0.0,282.0,0.0,4.0,3.0,0.571,47.0,43.0,4.0,0.915,0.0,0.217,2.65,0.294,1.19,9.93,0.0,2.88,43.0
2,1324,Anibal Sanchez,Det,1.0,,30.0,30.0,184.0,170.0,84.0,75.0,16.0,50.0,4.0,165.0,20.0,1.0,1.0,759.0,0.0,13.0,7.0,0.65,0.0,0.0,0.0,0.0,0.0,0.241,3.67,0.295,1.2,8.07,0.0,3.3,0.0
3,3516,Zach Britton,Bal,,1,75.0,0.0,75.0,64.0,26.0,23.0,5.0,29.0,3.0,55.0,0.0,0.0,0.0,315.0,0.0,4.0,4.0,0.5,46.0,42.0,4.0,0.913,0.0,0.226,2.76,0.305,1.24,6.6,0.0,1.9,42.0
4,1145,Francisco Liriano,Pit,1.0,,29.0,29.0,166.0,131.0,66.0,63.0,12.0,77.0,4.0,168.0,20.0,1.0,0.0,709.0,0.0,11.0,7.0,0.611,0.0,0.0,0.0,0.0,0.0,0.209,3.42,0.299,1.25,9.11,0.0,2.18,0.0
5,1331,Jered Weaver,LAA,1.0,,27.0,27.0,172.0,159.0,74.0,71.0,22.0,49.0,5.0,135.0,18.0,1.0,1.0,699.0,0.0,12.0,7.0,0.632,0.0,0.0,0.0,0.0,0.0,0.247,3.72,0.305,1.21,7.06,0.0,2.76,0.0
6,617,Joaquin Benoit,SD,,1,60.0,0.0,60.0,42.0,16.0,15.0,6.0,18.0,1.0,70.0,0.0,0.0,0.0,236.0,0.0,3.0,4.0,0.429,42.0,36.0,6.0,0.857,0.0,0.194,2.25,0.258,1.0,10.5,0.0,3.89,36.0
7,1785,Ian Kennedy,SD,1.0,,32.0,32.0,202.0,190.0,90.0,84.0,21.0,71.0,10.0,202.0,21.0,0.0,0.0,869.0,0.0,10.0,12.0,0.455,0.0,0.0,0.0,0.0,0.0,0.241,3.74,0.312,1.29,9.0,0.0,2.85,0.0
8,5064,Collin McHugh,Hou,1.0,,33.0,33.0,195.0,179.0,89.0,81.0,18.0,63.0,7.0,170.0,21.0,0.0,0.0,819.0,0.0,11.0,11.0,0.5,0.0,0.0,0.0,0.0,0.0,0.239,3.74,0.304,1.24,7.85,0.0,2.7,0.0
9,4350,Yordano Ventura,KC,1.0,,32.0,32.0,192.0,176.0,82.0,76.0,16.0,80.0,8.0,172.0,22.0,0.0,0.0,810.0,0.0,12.0,9.0,0.571,0.0,0.0,0.0,0.0,0.0,0.244,3.56,0.326,1.33,8.06,0.0,2.15,0.0
10,2922,Drew Storen,Wsh,,1,76.0,0.0,66.0,59.0,22.0,20.0,4.0,15.0,2.0,55.0,0.0,0.0,0.0,267.0,0.0,3.0,4.0,0.429,46.0,41.0,5.0,0.891,0.0,0.236,2.73,0.285,1.12,7.5,0.0,3.67,41.0
11,4581,Jose Quintana,CWS,1.0,,32.0,32.0,205.0,199.0,91.0,82.0,20.0,60.0,4.0,165.0,21.0,0.0,0.0,850.0,0.0,13.0,10.0,0.565,0.0,0.0,0.0,0.0,0.0,0.253,3.6,0.309,1.26,7.24,0.0,2.75,0.0
12,4289,Dallas Keuchel,Hou,1.0,,32.0,32.0,203.0,193.0,87.0,79.0,17.0,58.0,6.0,144.0,22.0,1.0,0.0,860.0,0.0,12.0,11.0,0.522,0.0,0.0,0.0,0.0,0.0,0.242,3.5,0.299,1.24,6.38,0.0,2.48,0.0
13,1449,Andrew Miller,NYY,,1,83.0,0.0,68.0,42.0,22.0,19.0,5.0,22.0,7.0,111.0,0.0,0.0,0.0,283.0,0.0,5.0,3.0,0.625,24.0,19.0,5.0,0.792,19.0,0.165,2.51,0.251,0.94,14.69,0.0,5.05,38.0
14,1580,Phil Hughes,Min,1.0,,31.0,31.0,201.0,209.0,100.0,91.0,23.0,32.0,6.0,169.0,19.0,1.0,0.0,854.0,0.0,12.0,11.0,0.522,0.0,0.0,0.0,0.0,0.0,0.256,4.07,0.289,1.2,7.57,0.0,5.28,0.0
15,5078,Hyun-Jin Ryu,LAD,1.0,,26.0,26.0,160.0,154.0,58.0,56.0,12.0,33.0,3.0,143.0,19.0,1.0,1.0,656.0,0.0,12.0,6.0,0.667,0.0,0.0,0.0,0.0,0.0,0.248,3.15,0.29,1.17,8.04,0.0,4.33,0.0
16,5058,Jose Fernandez,Mia,1.0,,13.0,13.0,80.0,61.0,30.0,25.0,6.0,27.0,2.0,96.0,10.0,0.0,0.0,318.0,0.0,6.0,3.0,0.667,0.0,0.0,0.0,0.0,0.0,0.211,2.81,0.283,1.1,10.8,0.0,3.56,0.0
17,3381,Michael Pineda,NYY,1.0,,28.0,28.0,166.0,155.0,70.0,65.0,19.0,46.0,2.0,134.0,19.0,0.0,0.0,657.0,0.0,11.0,8.0,0.579,0.0,0.0,0.0,0.0,0.0,0.255,3.52,0.309,1.21,7.27,0.0,2.91,0.0
18,814,Francisco Rodriguez,Mil,,1,65.0,0.0,62.0,52.0,22.0,21.0,7.0,20.0,1.0,64.0,0.0,0.0,0.0,254.0,0.0,3.0,4.0,0.429,43.0,38.0,5.0,0.884,0.0,0.223,3.05,0.287,1.16,9.29,0.0,3.2,38.0
19,441,Joe Nathan,Det,,1,65.0,0.0,63.0,58.0,26.0,24.0,7.0,25.0,1.0,62.0,0.0,0.0,0.0,259.0,0.0,3.0,3.0,0.5,44.0,40.0,4.0,0.909,0.0,0.249,3.43,0.324,1.32,8.86,0.0,2.48,40.0
20,1233,Justin Verlander,Det,1.0,,32.0,32.0,210.0,206.0,105.0,94.0,22.0,65.0,5.0,191.0,20.0,1.0,0.0,881.0,0.0,13.0,10.0,0.565,0.0,0.0,0.0,0.0,0.0,0.254,4.03,0.313,1.29,8.19,0.0,2.94,0.0
21,2359,Hector Rondon,ChC,,1,67.0,0.0,73.0,65.0,26.0,24.0,5.0,21.0,1.0,68.0,0.0,0.0,0.0,309.0,0.0,3.0,5.0,0.375,45.0,40.0,5.0,0.889,0.0,0.226,2.96,0.282,1.18,8.38,0.0,3.24,40.0
22,3421,Sean Doolittle,Oak,,1,54.0,0.0,55.0,38.0,19.0,18.0,5.0,9.0,0.0,67.0,0.0,0.0,0.0,214.0,0.0,3.0,3.0,0.5,36.0,32.0,4.0,0.889,0.0,0.185,2.95,0.22,0.85,10.96,0.0,7.44,32.0
23,2424,Neftali Feliz,Tex,,1,65.0,0.0,65.0,51.0,24.0,24.0,11.0,26.0,2.0,53.0,0.0,0.0,0.0,258.0,0.0,4.0,4.0,0.5,40.0,35.0,5.0,0.875,0.0,0.222,3.32,0.306,1.18,7.34,0.0,2.04,35.0
24,4136,Jake Odorizzi,TB,1.0,,31.0,31.0,178.0,163.0,78.0,73.0,22.0,64.0,4.0,177.0,20.0,0.0,0.0,741.0,0.0,10.0,9.0,0.526,0.0,0.0,0.0,0.0,0.0,0.242,3.69,0.312,1.28,8.95,0.0,2.77,0.0
25,980,Scott Kazmir,Oak,1.0,,31.0,31.0,176.0,163.0,83.0,77.0,16.0,50.0,4.0,158.0,19.0,1.0,0.0,734.0,0.0,11.0,8.0,0.579,0.0,0.0,0.0,0.0,0.0,0.24,3.94,0.296,1.21,8.08,0.0,3.16,0.0
26,1876,Jake McGee,TB,,1,62.0,0.0,55.0,39.0,16.0,16.0,4.0,13.0,2.0,69.0,0.0,0.0,0.0,217.0,0.0,3.0,3.0,0.5,23.0,20.0,3.0,0.87,7.0,0.193,2.62,0.249,0.95,11.29,0.0,5.31,27.0
27,1137,Matt Cain,SF,1.0,,28.0,28.0,174.0,155.0,74.0,69.0,19.0,53.0,5.0,140.0,19.0,1.0,1.0,711.0,0.0,11.0,8.0,0.579,0.0,0.0,0.0,0.0,0.0,0.237,3.57,0.3,1.2,7.24,0.0,2.64,0.0
28,2271,Rick Porcello,Bos,1.0,,32.0,32.0,203.0,224.0,93.0,85.0,17.0,44.0,4.0,140.0,21.0,1.0,1.0,860.0,0.0,14.0,11.0,0.56,0.0,0.0,0.0,0.0,0.0,0.276,3.77,0.316,1.32,6.21,0.0,3.18,0.0
29,2929,Jenrry Mejia,NYM,1.0,1,75.0,0.0,75.0,74.0,32.0,27.0,7.0,26.0,3.0,77.0,0.0,0.0,0.0,322.0,0.0,4.0,4.0,0.5,24.0,21.0,3.0,0.875,12.0,0.253,3.24,0.32,1.33,9.24,0.0,2.96,33.0
30,5261,Ken Giles,Phi,,1,61.0,0.0,65.0,38.0,18.0,14.0,3.0,19.0,0.0,98.0,0.0,0.0,0.0,239.0,0.0,4.0,3.0,0.571,10.0,6.0,4.0,0.6,24.0,0.173,1.94,0.238,0.88,13.57,0.0,5.16,30.0
31,1875,Wade Davis,KC,,1,75.0,0.0,75.0,56.0,22.0,20.0,5.0,26.0,3.0,98.0,0.0,0.0,0.0,312.0,0.0,5.0,4.0,0.556,8.0,3.0,5.0,0.375,30.0,0.198,2.4,0.272,1.09,11.76,0.0,3.77,33.0
32,3979,Addison Reed,Ari,,1,62.0,0.0,60.0,57.0,25.0,24.0,8.0,16.0,1.0,64.0,0.0,0.0,0.0,254.0,0.0,3.0,4.0,0.429,40.0,35.0,5.0,0.875,0.0,0.241,3.6,0.291,1.22,9.6,0.0,4.0,35.0
33,4290,Drew Smyly,TB,1.0,,30.0,30.0,180.0,162.0,80.0,75.0,19.0,51.0,3.0,173.0,20.0,1.0,1.0,737.0,0.0,11.0,10.0,0.524,0.0,0.0,0.0,0.0,0.0,0.237,3.75,0.293,1.18,8.65,0.0,3.39,0.0
34,658,R.A. Dickey,Tor,1.0,,33.0,33.0,216.0,206.0,107.0,97.0,28.0,73.0,12.0,170.0,20.0,2.0,1.0,893.0,0.0,13.0,11.0,0.542,0.0,0.0,0.0,0.0,0.0,0.255,4.04,0.326,1.29,7.08,0.0,2.33,0.0
35,1636,Tyler Clippard,Oak,,1,72.0,0.0,70.0,47.0,21.0,19.0,7.0,24.0,2.0,77.0,0.0,0.0,0.0,281.0,0.0,4.0,4.0,0.5,12.0,6.0,6.0,0.5,35.0,0.184,2.44,0.26,1.01,9.9,0.0,3.21,41.0
36,3727,Aaron Sanchez,Tor,1.0,1,30.0,30.0,165.0,135.0,83.0,67.0,10.0,66.0,3.0,135.0,19.0,0.0,0.0,688.0,0.0,11.0,8.0,0.579,0.0,0.0,0.0,0.0,0.0,0.218,3.65,0.297,1.22,7.36,0.0,2.05,0.0
37,2653,Luke Gregerson,Hou,,1,74.0,0.0,70.0,57.0,23.0,20.0,6.0,17.0,2.0,63.0,0.0,0.0,0.0,282.0,0.0,4.0,4.0,0.5,21.0,17.0,4.0,0.81,15.0,0.217,2.57,0.27,1.06,8.1,0.0,3.71,32.0
38,2691,Chris Tillman,Bal,1.0,,33.0,33.0,209.0,195.0,92.0,85.0,25.0,70.0,4.0,166.0,22.0,1.0,0.0,866.0,0.0,14.0,9.0,0.609,0.0,0.0,0.0,0.0,0.0,0.246,3.66,0.311,1.27,7.15,0.0,2.37,0.0
39,1060,Santiago Casilla,SF,,1,59.0,0.0,55.0,44.0,17.0,14.0,4.0,19.0,2.0,41.0,0.0,0.0,0.0,224.0,0.0,3.0,3.0,0.5,33.0,28.0,5.0,0.848,0.0,0.217,2.29,0.29,1.15,6.71,0.0,2.16,28.0
40,3161,Shelby Miller,Atl,1.0,,32.0,32.0,186.0,167.0,85.0,80.0,23.0,72.0,5.0,171.0,20.0,1.0,1.0,789.0,0.0,10.0,11.0,0.476,0.0,0.0,0.0,0.0,0.0,0.235,3.87,0.309,1.28,8.27,0.0,2.38,0.0
41,4338,Taijuan Walker,Sea,1.0,,30.0,30.0,164.0,150.0,72.0,74.0,16.0,75.0,15.0,162.0,18.0,1.0,0.0,696.0,0.0,8.0,10.0,0.444,0.0,0.0,0.0,0.0,0.0,0.248,4.06,0.345,1.37,8.89,0.0,2.16,0.0
42,781,John Lackey,StL,1.0,,28.0,28.0,183.0,186.0,85.0,77.0,24.0,41.0,3.0,148.0,18.0,1.0,0.0,761.0,0.0,11.0,9.0,0.55,0.0,0.0,0.0,0.0,0.0,0.259,3.79,0.302,1.24,7.28,0.0,3.61,0.0
43,3199,Mike Fiers,Mil,1.0,,29.0,29.0,157.0,140.0,66.0,60.0,21.0,47.0,9.0,150.0,20.0,0.0,0.0,655.0,0.0,9.0,7.0,0.563,0.0,0.0,0.0,0.0,0.0,0.234,3.44,0.299,1.19,8.6,0.0,3.19,0.0
44,3981,Brad Boxberger,TB,,1,64.0,0.0,75.0,50.0,23.0,21.0,7.0,33.0,3.0,110.0,0.0,0.0,0.0,306.0,0.0,4.0,4.0,0.5,15.0,10.0,5.0,0.667,25.0,0.185,2.52,0.281,1.11,13.2,0.0,3.33,35.0
45,4570,Danny Salazar,Cle,1.0,,29.0,29.0,159.0,152.0,75.0,69.0,18.0,59.0,3.0,183.0,18.0,1.0,1.0,647.0,0.0,9.0,8.0,0.529,0.0,0.0,0.0,0.0,0.0,0.26,3.91,0.331,1.33,10.36,0.0,3.1,0.0
46,2669,Brett Cecil,Tor,,1,65.0,0.0,65.0,60.0,26.0,25.0,5.0,28.0,2.0,72.0,0.0,0.0,0.0,276.0,0.0,4.0,4.0,0.5,34.0,28.0,6.0,0.824,0.0,0.244,3.46,0.326,1.35,9.97,0.0,2.57,28.0
47,1427,Matt Garza,Mil,1.0,,29.0,29.0,178.0,165.0,85.0,76.0,22.0,55.0,4.0,147.0,19.0,1.0,0.0,739.0,0.0,11.0,9.0,0.55,0.0,0.0,0.0,0.0,0.0,0.243,3.84,0.303,1.24,7.43,0.0,2.67,0.0
48,5164,Kevin Gausman,Bal,1.0,,33.0,33.0,176.0,171.0,80.0,74.0,17.0,56.0,0.0,156.0,21.0,1.0,0.0,736.0,0.0,11.0,9.0,0.55,0.0,0.0,0.0,0.0,0.0,0.251,3.78,0.308,1.29,7.98,0.0,2.79,0.0
49,2423,Derek Holland,Tex,1.0,,29.0,29.0,192.0,189.0,94.0,83.0,23.0,60.0,2.0,167.0,18.0,1.0,1.0,804.0,0.0,12.0,9.0,0.571,0.0,0.0,0.0,0.0,0.0,0.255,3.89,0.312,1.3,7.83,0.0,2.78,0.0
0,4532,Matt Shoemaker,LAA,1.0,,30.0,30.0,183.0,194.0,89.0,83.0,22.0,44.0,6.0,149.0,18.0,0.0,0.0,777.0,0.0,12.0,8.0,0.6,0.0,0.0,0.0,0.0,0.0,0.267,4.08,0.314,1.3,7.33,0.0,3.39,0.0
1,601,CC Sabathia,NYY,1.0,,28.0,28.0,176.0,185.0,93.0,82.0,22.0,47.0,7.0,157.0,17.0,0.0,0.0,763.0,0.0,12.0,10.0,0.545,0.0,0.0,0.0,0.0,0.0,0.261,4.19,0.313,1.32,8.03,0.0,3.34,0.0
2,3950,Drew Hutchison,Tor,1.0,,31.0,31.0,188.0,177.0,90.0,88.0,23.0,62.0,11.0,180.0,18.0,1.0,1.0,837.0,0.0,11.0,10.0,0.524,0.0,0.0,0.0,0.0,0.0,0.232,4.21,0.299,1.27,8.62,0.0,2.9,0.0
3,177,LaTroy Hawkins,Col,,1,64.0,0.0,60.0,68.0,28.0,24.0,6.0,14.0,0.0,36.0,0.0,0.0,0.0,249.0,0.0,3.0,4.0,0.429,33.0,29.0,4.0,0.879,0.0,0.289,3.6,0.329,1.37,5.4,0.0,2.57,29.0
4,3576,Danny Duffy,KC,1.0,,29.0,29.0,171.0,144.0,80.0,70.0,17.0,71.0,7.0,140.0,19.0,0.0,0.0,726.0,0.0,11.0,9.0,0.55,0.0,0.0,0.0,0.0,0.0,0.222,3.68,0.306,1.26,7.37,0.0,1.97,0.0
5,3643,Nathan Eovaldi,NYY,1.0,,32.0,32.0,195.0,203.0,100.0,93.0,22.0,57.0,7.0,162.0,19.0,0.0,0.0,835.0,0.0,13.0,11.0,0.542,0.0,0.0,0.0,0.0,0.0,0.263,4.29,0.32,1.33,7.48,0.0,2.84,0.0
6,1592,Yovani Gallardo,Tex,1.0,,32.0,32.0,195.0,196.0,87.0,80.0,18.0,66.0,3.0,152.0,21.0,0.0,0.0,828.0,0.0,12.0,10.0,0.545,0.0,0.0,0.0,0.0,0.0,0.258,3.69,0.32,1.34,7.02,0.0,2.3,0.0
7,624,Rafael Soriano,Wsh,,1,67.0,0.0,65.0,58.0,25.0,24.0,7.0,19.0,1.0,58.0,0.0,0.0,0.0,267.0,0.0,3.0,4.0,0.429,33.0,29.0,4.0,0.879,0.0,0.235,3.32,0.292,1.18,8.03,0.0,3.05,29.0
8,1774,Clay Buchholz,Bos,1.0,,28.0,28.0,179.0,179.0,88.0,82.0,17.0,53.0,9.0,141.0,17.0,1.0,1.0,740.0,0.0,11.0,10.0,0.524,0.0,0.0,0.0,0.0,0.0,0.264,4.12,0.326,1.3,7.09,0.0,2.66,0.0
9,4453,James Paxton,Sea,1.0,,28.0,28.0,163.0,150.0,85.0,72.0,10.0,82.0,4.0,140.0,17.0,0.0,0.0,689.0,0.0,9.0,9.0,0.5,0.0,0.0,0.0,0.0,0.0,0.249,3.98,0.343,1.42,7.73,0.0,1.71,0.0
10,2058,Bobby Parnell,NYM,,1,52.0,0.0,50.0,42.0,19.0,14.0,3.0,13.0,1.0,46.0,0.0,0.0,0.0,204.0,0.0,2.0,3.0,0.4,30.0,27.0,3.0,0.9,0.0,0.221,2.52,0.275,1.1,8.28,0.0,3.54,27.0
11,3556,Wade Miley,Bos,1.0,,32.0,32.0,197.0,199.0,91.0,84.0,16.0,71.0,4.0,169.0,20.0,0.0,0.0,829.0,0.0,13.0,9.0,0.591,0.0,0.0,0.0,0.0,0.0,0.264,3.84,0.331,1.37,7.72,0.0,2.38,0.0
12,3740,Zack Wheeler,NYM,1.0,,0.0,0.0,0.0,0.0,0.0,0.0,0.0,0.0,0.0,0.0,0.0,0.0,0.0,0.0,0.0,0.0,0.0,0.0,0.0,0.0,0.0,0.0,0.0,0.0,0.0,0.0,0.0,0.0,0.0,0.0,0.0
13,3509,Henderson Alvarez,Mia,1.0,,31.0,31.0,192.0,202.0,90.0,82.0,14.0,42.0,8.0,108.0,20.0,2.0,2.0,800.0,0.0,11.0,11.0,0.5,0.0,0.0,0.0,0.0,0.0,0.269,3.84,0.315,1.27,5.06,0.0,2.57,0.0
14,5061,Tanner Roark,Wsh,1.0,,106.0,8.0,106.0,101.0,48.0,41.0,9.0,25.0,5.0,74.0,0.0,0.0,0.0,435.0,0.0,6.0,6.0,0.5,1.0,1.0,0.0,1.0,0.0,0.249,3.48,0.301,1.19,6.28,0.0,2.96,1.0
15,1191,Ervin Santana,Min,1.0,,31.0,31.0,196.0,193.0,94.0,87.0,21.0,59.0,5.0,151.0,19.0,0.0,0.0,819.0,0.0,11.0,12.0,0.478,0.0,0.0,0.0,0.0,0.0,0.256,3.99,0.314,1.29,6.93,0.0,2.56,0.0
16,1126,Brandon McCarthy,LAD,1.0,,28.0,28.0,171.0,182.0,75.0,69.0,17.0,28.0,5.0,134.0,19.0,1.0,1.0,723.0,0.0,11.0,8.0,0.579,0.0,0.0,0.0,0.0,0.0,0.264,3.63,0.297,1.23,7.05,0.0,4.79,0.0
17,4529,Yu Darvish,Tex,1.0,,0.0,0.0,0.0,0.0,0.0,0.0,0.0,0.0,0.0,0.0,0.0,0.0,0.0,0.0,0.0,0.0,0.0,0.0,0.0,0.0,0.0,0.0,0.0,0.0,0.0,0.0,0.0,0.0,0.0,0.0,0.0
18,1411,Edward Mujica,Bos,,1,65.0,0.0,62.0,65.0,24.0,23.0,7.0,11.0,1.0,46.0,0.0,0.0,0.0,250.0,0.0,3.0,4.0,0.429,8.0,6.0,2.0,0.75,8.0,0.273,3.34,0.308,1.23,6.68,0.0,4.18,14.0
19,1979,Sergio Romo,SF,,1,68.0,0.0,60.0,48.0,20.0,19.0,6.0,12.0,3.0,60.0,0.0,0.0,0.0,240.0,0.0,3.0,4.0,0.429,17.0,13.0,4.0,0.765,15.0,0.213,2.85,0.263,1.0,9.0,0.0,5.0,28.0
20,491,A.J. Burnett,Pit,1.0,,31.0,31.0,198.0,187.0,99.0,89.0,16.0,81.0,13.0,175.0,19.0,1.0,0.0,843.0,0.0,12.0,11.0,0.522,0.0,0.0,0.0,0.0,0.0,0.25,4.05,0.333,1.35,7.95,0.0,2.16,0.0
21,811,Cliff Lee*,Phi,1.0,,0.0,0.0,0.0,0.0,0.0,0.0,0.0,0.0,0.0,0.0,0.0,0.0,0.0,0.0,0.0,0.0,0.0,0.0,0.0,0.0,0.0,0.0,0.0,0.0,0.0,0.0,0.0,0.0,0.0,0.0,0.0
22,1630,Joakim Soria,Det,,1,59.0,0.0,55.0,43.0,23.0,21.0,3.0,14.0,1.0,67.0,0.0,0.0,0.0,227.0,0.0,3.0,3.0,0.5,7.0,6.0,1.0,0.857,0.0,0.203,3.44,0.256,1.04,10.96,0.0,4.79,6.0
23,682,Kyle Lohse,Mil,1.0,,30.0,30.0,188.0,194.0,86.0,79.0,26.0,42.0,6.0,127.0,19.0,1.0,1.0,769.0,0.0,11.0,10.0,0.524,0.0,0.0,0.0,0.0,0.0,0.269,3.78,0.315,1.26,6.08,0.0,3.02,0.0
24,4485,Trevor Bauer,Cle,1.0,,29.0,29.0,170.0,158.0,85.0,77.0,20.0,68.0,8.0,162.0,18.0,0.0,0.0,740.0,0.0,12.0,10.0,0.545,0.0,0.0,0.0,0.0,0.0,0.238,4.08,0.316,1.33,8.58,0.0,2.38,0.0
25,3819,Carlos Martinez,StL,1.0,1,27.0,27.0,155.0,146.0,67.0,62.0,11.0,62.0,11.0,142.0,18.0,0.0,0.0,658.0,0.0,7.0,9.0,0.438,1.0,0.0,1.0,0.0,6.0,0.25,3.6,0.333,1.34,8.25,0.0,2.29,6.0
26,2829,Mike Leake,Cin,1.0,,31.0,31.0,202.0,211.0,91.0,85.0,22.0,47.0,10.0,146.0,20.0,1.0,0.0,849.0,0.0,12.0,11.0,0.522,0.0,0.0,0.0,0.0,0.0,0.266,3.79,0.316,1.28,6.5,0.0,3.11,0.0
27,3997,Tony Watson,Pit,,1,79.0,0.0,75.0,60.0,19.0,18.0,6.0,16.0,5.0,75.0,0.0,0.0,0.0,297.0,0.0,5.0,3.0,0.625,7.0,2.0,5.0,0.286,32.0,0.217,2.16,0.273,1.01,9.0,0.0,4.69,34.0
28,3604,Wily Peralta,Mil,1.0,,33.0,33.0,196.0,199.0,97.0,86.0,20.0,78.0,9.0,156.0,21.0,1.0,0.0,846.0,0.0,11.0,11.0,0.5,0.0,0.0,0.0,0.0,0.0,0.262,3.95,0.338,1.41,7.16,0.0,2.0,0.0
29,5676,Kyle Hendricks,ChC,1.0,,24.0,24.0,150.0,148.0,71.0,61.0,10.0,39.0,5.0,114.0,16.0,0.0,0.0,603.0,0.0,9.0,8.0,0.529,0.0,0.0,0.0,0.0,0.0,0.265,3.66,0.318,1.25,6.84,0.0,2.92,0.0
30,5613,Jesse Hahn,Oak,1.0,,28.0,28.0,163.0,138.0,78.0,68.0,10.0,79.0,3.0,142.0,18.0,0.0,0.0,674.0,0.0,11.0,7.0,0.611,0.0,0.0,0.0,0.0,0.0,0.233,3.75,0.326,1.33,7.84,0.0,1.8,0.0
31,4522,Wei-Yin Chen,Bal,1.0,,30.0,30.0,184.0,191.0,86.0,81.0,25.0,46.0,3.0,140.0,19.0,0.0,0.0,771.0,0.0,12.0,9.0,0.571,0.0,0.0,0.0,0.0,0.0,0.265,3.96,0.311,1.29,6.85,0.0,3.04,0.0
32,1332,Jason Hammel,ChC,1.0,,30.0,30.0,177.0,173.0,81.0,77.0,21.0,52.0,9.0,152.0,19.0,0.0,0.0,744.0,0.0,10.0,10.0,0.5,0.0,0.0,0.0,0.0,0.0,0.253,3.92,0.315,1.27,7.73,0.0,2.92,0.0
33,5314,Marcus Stroman,Tor,1.0,,0.0,0.0,0.0,0.0,0.0,0.0,0.0,0.0,0.0,0.0,0.0,0.0,0.0,0.0,0.0,0.0,0.0,0.0,0.0,0.0,0.0,0.0,0.0,0.0,0.0,0.0,0.0,0.0,0.0,0.0,0.0
34,6189,Carlos Rodon,CWS,1.0,,22.0,22.0,120.0,115.0,65.0,59.0,14.0,59.0,5.0,125.0,13.0,0.0,0.0,524.0,0.0,6.0,7.0,0.462,0.0,0.0,0.0,0.0,0.0,0.25,4.43,0.342,1.45,9.38,0.0,2.12,0.0
35,5702,Daniel Norris,Tor,,1,22.0,22.0,115.0,110.0,58.0,54.0,15.0,51.0,0.0,110.0,12.0,0.0,0.0,475.0,0.0,8.0,8.0,0.5,0.0,0.0,0.0,0.0,0.0,0.259,4.23,0.339,1.4,8.61,0.0,2.16,0.0
36,2057,Jonathon Niese,NYM,1.0,,29.0,29.0,179.0,175.0,82.0,74.0,17.0,46.0,5.0,140.0,19.0,0.0,0.0,756.0,0.0,11.0,9.0,0.55,0.0,0.0,0.0,0.0,0.0,0.248,3.72,0.299,1.23,7.04,0.0,3.04,0.0
37,731,Jake Peavy,SF,1.0,,27.0,27.0,172.0,158.0,78.0,73.0,22.0,46.0,8.0,135.0,17.0,1.0,0.0,706.0,0.0,10.0,9.0,0.526,0.0,0.0,0.0,0.0,0.0,0.242,3.82,0.3,1.19,7.06,0.0,2.93,0.0
38,1888,Justin Masterson,Bos,1.0,,30.0,30.0,190.0,187.0,97.0,92.0,13.0,83.0,13.0,175.0,17.0,1.0,1.0,833.0,0.0,10.0,11.0,0.476,0.0,0.0,0.0,0.0,0.0,0.254,4.36,0.34,1.42,8.29,0.0,2.11,0.0
39,4882,Kevin Quackenbush,SD,,1,62.0,0.0,65.0,54.0,22.0,18.0,4.0,24.0,3.0,72.0,0.0,0.0,0.0,269.0,0.0,3.0,4.0,0.429,14.0,10.0,4.0,0.714,18.0,0.223,2.49,0.301,1.2,9.97,0.0,3.0,28.0
40,5104,T.J. House,Cle,1.0,,33.0,33.0,185.0,187.0,84.0,76.0,13.0,62.0,7.0,147.0,20.0,0.0,0.0,786.0,0.0,12.0,10.0,0.545,0.0,0.0,0.0,0.0,0.0,0.261,3.7,0.326,1.35,7.15,0.0,2.37,0.0
41,1043,Chad Qualls,Hou,,1,60.0,0.0,55.0,56.0,21.0,19.0,5.0,11.0,2.0,43.0,0.0,0.0,0.0,233.0,0.0,3.0,3.0,0.5,14.0,12.0,2.0,0.857,5.0,0.255,3.11,0.296,1.22,7.04,0.0,3.91,17.0
42,3469,Drew Pomeranz,Oak,1.0,1,25.0,25.0,134.0,121.0,62.0,56.0,13.0,65.0,4.0,130.0,16.0,0.0,0.0,580.0,0.0,8.0,7.0,0.533,0.0,0.0,0.0,0.0,0.0,0.237,3.76,0.328,1.39,8.73,0.0,2.0,0.0
43,574,Mark Buehrle,Tor,1.0,,32.0,32.0,202.0,227.0,96.0,90.0,23.0,49.0,5.0,120.0,20.0,1.0,0.0,851.0,0.0,12.0,10.0,0.545,0.0,0.0,0.0,0.0,0.0,0.285,4.01,0.33,1.37,5.35,0.0,2.45,0.0
44,1404,Pat Neshek,Hou,,1,66.0,0.0,65.0,51.0,21.0,20.0,8.0,13.0,2.0,63.0,0.0,0.0,0.0,264.0,0.0,3.0,4.0,0.429,5.0,3.0,2.0,0.6,10.0,0.205,2.77,0.25,0.98,8.72,0.0,4.85,13.0
45,1647,Tim Lincecum,SF,1.0,,26.0,26.0,150.0,146.0,75.0,72.0,14.0,64.0,5.0,135.0,16.0,0.0,0.0,649.0,0.0,8.0,9.0,0.471,0.0,0.0,0.0,0.0,0.0,0.252,4.32,0.331,1.4,8.1,0.0,2.11,0.0
46,6134,Kendall Graveman,Oak,,1,28.0,28.0,156.0,159.0,65.0,61.0,11.0,28.0,3.0,84.0,18.0,0.0,0.0,591.0,0.0,11.0,6.0,0.647,0.0,0.0,0.0,0.0,0.0,0.284,3.52,0.321,1.2,4.85,0.0,3.0,0.0
47,1197,Joel Peralta,LAD,,1,73.0,0.0,65.0,56.0,30.0,28.0,10.0,18.0,1.0,70.0,0.0,0.0,0.0,264.0,0.0,3.0,4.0,0.429,8.0,4.0,4.0,0.5,20.0,0.229,3.88,0.284,1.14,9.69,0.0,3.89,24.0
48,1214,C.J. Wilson,LAA,1.0,,30.0,30.0,179.0,168.0,91.0,80.0,16.0,83.0,9.0,154.0,19.0,0.0,0.0,770.0,0.0,11.0,9.0,0.55,0.0,0.0,0.0,0.0,0.0,0.248,4.02,0.338,1.4,7.74,0.0,1.86,0.0
49,4499,Kelvin Herrera,KC,,1,70.0,0.0,70.0,59.0,22.0,20.0,4.0,25.0,3.0,67.0,0.0,0.0,0.0,287.0,0.0,4.0,4.0,0.5,4.0,1.0,3.0,0.25,20.0,0.228,2.57,0.303,1.2,8.61,0.0,2.68,21.0
0,1901,Darren O'Day,Bal,,1.0,67.0,0.0,65.0,47.0,17.0,16.0,7.0,17.0,6.0,68.0,0.0,0.0,0.0,257.0,0.0,4.0,3.0,0.571,7.0,3.0,4.0,0.429,23.0,0.201,2.22,0.272,0.98,9.42,0.0,4.0,26.0
1,3552,Josh Collmenter,Ari,1.0,,32.0,32.0,186.0,183.0,89.0,83.0,21.0,46.0,4.0,134.0,20.0,1.0,1.0,765.0,0.0,10.0,11.0,0.476,0.0,0.0,0.0,0.0,0.0,0.256,4.02,0.305,1.23,6.48,0.0,2.91,0.0
2,293,Bartolo Colon,NYM,1.0,,28.0,28.0,180.0,192.0,85.0,80.0,22.0,29.0,3.0,122.0,17.0,1.0,1.0,744.0,0.0,10.0,9.0,0.526,0.0,0.0,0.0,0.0,0.0,0.27,4.0,0.301,1.23,6.1,0.0,4.21,0.0
3,3021,Mike Minor,Atl,1.0,,29.0,29.0,174.0,175.0,82.0,78.0,22.0,48.0,5.0,140.0,18.0,0.0,0.0,722.0,0.0,8.0,11.0,0.421,0.0,0.0,0.0,0.0,0.0,0.262,4.03,0.316,1.28,7.24,0.0,2.92,0.0
4,1664,Joe Smith,LAA,,1,75.0,0.0,70.0,53.0,24.0,21.0,4.0,19.0,4.0,63.0,0.0,0.0,0.0,282.0,0.0,4.0,4.0,0.5,8.0,4.0,4.0,0.5,23.0,0.205,2.7,0.27,1.03,8.1,0.0,3.32,27.0
5,5200,Shane Greene,Det,1.0,,29.0,29.0,162.0,178.0,97.0,82.0,14.0,69.0,3.0,136.0,16.0,0.0,0.0,715.0,0.0,9.0,9.0,0.5,0.0,0.0,0.0,0.0,0.0,0.277,4.56,0.35,1.52,7.56,0.0,1.97,0.0
6,1641,Alfredo Simon,Det,1.0,,26.0,26.0,161.0,161.0,80.0,73.0,16.0,43.0,10.0,99.0,16.0,0.0,0.0,680.0,0.0,9.0,9.0,0.5,0.0,0.0,0.0,0.0,0.0,0.257,4.08,0.315,1.27,5.53,0.0,2.3,0.0
7,5169,Andrew Heaney,LAA,1.0,,28.0,28.0,170.0,164.0,88.0,77.0,17.0,55.0,0.0,155.0,17.0,0.0,0.0,702.0,0.0,10.0,8.0,0.556,0.0,0.0,0.0,0.0,0.0,0.253,4.08,0.312,1.29,8.21,0.0,2.82,0.0
8,455,Tim Hudson,SF,1.0,,27.0,27.0,168.0,178.0,76.0,70.0,13.0,38.0,6.0,96.0,18.0,1.0,0.0,695.0,0.0,10.0,9.0,0.526,0.0,0.0,0.0,0.0,0.0,0.273,3.75,0.319,1.29,5.14,0.0,2.53,0.0
9,2692,Bud Norris,Bal,1.0,,30.0,30.0,176.0,173.0,83.0,79.0,21.0,62.0,12.0,152.0,18.0,0.0,0.0,756.0,0.0,11.0,9.0,0.55,0.0,0.0,0.0,0.0,0.0,0.254,4.04,0.327,1.34,7.77,0.0,2.45,0.0
10,3515,Kyle Gibson,Min,1.0,,32.0,32.0,176.0,176.0,82.0,79.0,12.0,53.0,1.0,113.0,20.0,0.0,0.0,746.0,0.0,9.0,11.0,0.45,0.0,0.0,0.0,0.0,0.0,0.254,4.04,0.308,1.3,5.78,0.0,2.13,0.0
11,1277,Edinson Volquez,KC,1.0,,32.0,32.0,185.0,175.0,92.0,85.0,16.0,77.0,11.0,146.0,19.0,1.0,0.0,811.0,0.0,10.0,11.0,0.476,0.0,0.0,0.0,0.0,0.0,0.242,4.14,0.324,1.36,7.1,0.0,1.9,0.0
12,1322,Yusmeiro Petit,SF,1.0,1,68.0,10.0,128.0,121.0,61.0,53.0,14.0,29.0,2.0,126.0,6.0,0.0,0.0,521.0,0.0,8.0,6.0,0.571,0.0,0.0,0.0,0.0,0.0,0.247,3.73,0.292,1.17,8.86,0.0,4.34,0.0
13,902,Dan Haren,Mia,1.0,,28.0,28.0,176.0,180.0,90.0,80.0,21.0,36.0,4.0,138.0,17.0,0.0,0.0,741.0,0.0,9.0,11.0,0.45,0.0,0.0,0.0,0.0,0.0,0.257,4.09,0.297,1.23,7.06,0.0,3.83,0.0
14,3382,Vance Worley,Pit,1.0,,28.0,28.0,164.0,172.0,79.0,69.0,14.0,39.0,6.0,117.0,18.0,1.0,1.0,715.0,0.0,10.0,8.0,0.556,0.0,0.0,0.0,0.0,0.0,0.257,3.79,0.303,1.29,6.42,0.0,3.0,0.0
15,2407,Dillon Gee,NYM,1.0,,41.0,18.0,175.0,166.0,78.0,75.0,21.0,48.0,7.0,131.0,11.0,0.0,0.0,736.0,0.0,11.0,9.0,0.55,0.0,0.0,0.0,0.0,0.0,0.244,3.86,0.3,1.22,6.74,0.0,2.73,0.0
16,4168,Jeurys Familia,NYM,,1,75.0,0.0,75.0,65.0,30.0,25.0,5.0,35.0,2.0,71.0,0.0,0.0,0.0,327.0,0.0,5.0,3.0,0.625,3.0,0.0,3.0,0.0,21.0,0.224,3.0,0.312,1.33,8.52,0.0,2.03,21.0
17,4209,Noah Syndergaard,NYM,1.0,,35.0,5.0,75.0,74.0,48.0,35.0,9.0,36.0,3.0,76.0,3.0,0.0,0.0,313.0,0.0,4.0,4.0,0.5,0.0,0.0,0.0,0.0,0.0,0.27,4.2,0.361,1.47,9.12,0.0,2.11,0.0
18,2228,Adam Ottavino,Col,,1,56.0,0.0,70.0,67.0,25.0,23.0,7.0,24.0,3.0,76.0,0.0,0.0,0.0,299.0,0.0,4.0,4.0,0.5,7.0,3.0,4.0,0.429,25.0,0.246,2.96,0.314,1.3,9.77,0.0,3.17,28.0
19,5661,Marco Gonzales,StL,1.0,1,46.0,17.0,138.0,137.0,68.0,61.0,16.0,52.0,0.0,130.0,11.0,0.0,0.0,584.0,0.0,8.0,8.0,0.5,0.0,0.0,0.0,0.0,0.0,0.258,3.98,0.324,1.37,8.48,0.0,2.5,0.0
20,3003,Danny Farquhar,Sea,,1,53.0,0.0,65.0,52.0,24.0,21.0,4.0,23.0,3.0,78.0,0.0,0.0,0.0,268.0,0.0,3.0,4.0,0.429,4.0,2.0,2.0,0.5,14.0,0.215,2.91,0.291,1.15,10.8,0.0,3.39,16.0
21,6120,Raisel Iglesias,Cin,1.0,,26.0,16.0,94.0,93.0,45.0,43.0,11.0,31.0,4.0,77.0,8.0,0.0,0.0,406.1,0.0,4.0,5.0,0.444,0.0,0.0,0.0,0.0,0.0,0.251,4.12,0.315,1.32,7.37,0.0,2.48,0.0
22,4611,Tony Cingrani,Cin,1.0,,55.0,0.0,65.0,56.0,30.0,27.0,9.0,32.0,1.0,63.0,0.0,0.0,0.0,266.0,0.0,3.0,4.0,0.429,0.0,0.0,1.0,0.0,3.0,0.24,3.74,0.335,1.35,8.72,0.0,1.97,3.0
23,4465,Joe Kelly,Bos,1.0,,25.0,25.0,143.0,145.0,76.0,66.0,11.0,54.0,7.0,99.0,15.0,0.0,0.0,611.0,0.0,8.0,8.0,0.5,0.0,0.0,0.0,0.0,0.0,0.264,4.15,0.337,1.39,6.23,0.0,1.83,0.0
24,2316,Brett Anderson,LAD,1.0,,20.0,20.0,106.0,100.0,47.0,42.0,7.0,32.0,1.0,82.0,13.0,0.0,0.0,448.0,0.0,6.0,4.0,0.6,0.0,0.0,0.0,0.0,0.0,0.241,3.57,0.297,1.25,6.96,0.0,2.56,0.0
25,1457,Ryan Braun,LAA,,1,0.0,0.0,0.0,0.0,0.0,0.0,0.0,0.0,0.0,0.0,0.0,0.0,0.0,0.0,0.0,0.0,0.0,0.0,0.0,0.0,0.0,0.0,0.0,0.0,0.0,0.0,0.0,0.0,0.0,0.0,0.0
26,3558,Jarred Cosart,Mia,1.0,,30.0,30.0,190.0,181.0,89.0,81.0,10.0,76.0,5.0,129.0,19.0,0.0,0.0,814.0,0.0,10.0,11.0,0.476,0.0,0.0,0.0,0.0,0.0,0.247,3.84,0.322,1.35,6.11,0.0,1.7,0.0
27,5234,Jimmy Nelson,Mil,1.0,,28.0,28.0,165.0,160.0,97.0,78.0,22.0,69.0,6.0,154.0,17.0,0.0,0.0,711.0,0.0,7.0,10.0,0.412,0.0,0.0,0.0,0.0,0.0,0.252,4.25,0.331,1.39,8.4,0.0,2.23,0.0
28,1367,Casey Janssen,Wsh,,1,56.0,0.0,54.0,48.0,22.0,20.0,5.0,10.0,2.0,38.0,0.0,0.0,0.0,216.0,0.0,3.0,3.0,0.5,5.0,2.0,3.0,0.4,21.0,0.235,3.33,0.278,1.07,6.33,0.0,3.8,23.0
29,5683,Anthony DeSclafani,Cin,1.0,1,30.0,30.0,164.0,165.0,89.0,86.0,21.0,55.0,2.0,146.0,16.0,0.0,0.0,678.0,0.0,7.0,11.0,0.389,0.0,0.0,0.0,0.0,0.0,0.266,4.72,0.327,1.34,8.01,0.0,2.65,0.0
30,1997,Jaime Garcia*,StL,1.0,,6.0,6.0,37.0,36.0,18.0,16.0,3.0,8.0,1.0,32.0,4.0,0.0,0.0,154.0,0.0,2.0,2.0,0.5,0.0,0.0,0.0,0.0,0.0,0.248,3.89,0.292,1.19,7.78,0.0,4.0,0.0
31,1242,Jason Vargas,KC,1.0,,30.0,30.0,189.0,196.0,86.0,84.0,24.0,49.0,5.0,124.0,19.0,2.0,1.0,794.0,0.0,10.0,11.0,0.476,0.0,0.0,0.0,0.0,0.0,0.265,4.0,0.315,1.3,5.9,0.0,2.53,0.0
32,3561,Matt Moore,TB,1.0,,12.0,12.0,67.0,56.0,29.0,26.0,7.0,31.0,2.0,66.0,8.0,0.0,0.0,286.0,0.0,4.0,3.0,0.571,0.0,0.0,0.0,0.0,0.0,0.221,3.49,0.311,1.3,8.87,0.0,2.13,0.0
33,4416,Bruce Rondon,Det,,1,43.0,0.0,45.0,36.0,16.0,15.0,4.0,22.0,4.0,49.0,0.0,0.0,0.0,190.0,0.0,4.0,1.0,0.8,6.0,3.0,3.0,0.5,5.0,0.22,3.0,0.326,1.29,9.8,0.0,2.23,8.0
34,529,Josh Beckett,LAD,1.0,,0.0,0.0,0.0,0.0,0.0,0.0,0.0,0.0,0.0,0.0,0.0,0.0,0.0,0.0,0.0,0.0,0.0,0.0,0.0,0.0,0.0,0.0,0.0,0.0,0.0,0.0,0.0,0.0,0.0,0.0,0.0
35,2124,Miguel Gonzalez,Bal,1.0,,30.0,30.0,183.0,178.0,91.0,83.0,27.0,60.0,8.0,132.0,18.0,0.0,0.0,755.0,0.0,10.0,9.0,0.526,0.0,0.0,0.0,0.0,0.0,0.259,4.08,0.326,1.3,6.49,0.0,2.2,0.0
36,5006,Archie Bradley,Ari,1.0,,20.0,20.0,110.0,104.0,68.0,59.0,8.0,78.0,10.0,93.0,11.0,0.0,0.0,471.0,0.0,5.0,7.0,0.417,0.0,0.0,0.0,0.0,0.0,0.272,4.83,0.408,1.65,7.61,0.0,1.19,0.0
37,4883,Aaron Loup,Tor,,1,62.0,0.0,65.0,55.0,26.0,22.0,4.0,23.0,6.0,51.0,0.0,0.0,0.0,267.0,0.0,4.0,3.0,0.571,10.0,8.0,2.0,0.8,11.0,0.231,3.05,0.315,1.2,7.06,0.0,2.22,19.0
38,2604,Pedro Strop,ChC,,1,74.0,0.0,68.0,52.0,27.0,25.0,3.0,32.0,6.0,75.0,0.0,0.0,0.0,288.0,0.0,5.0,3.0,0.625,3.0,0.0,3.0,0.0,19.0,0.208,3.31,0.313,1.24,9.93,0.0,2.34,19.0
39,818,Jeremy Guthrie,KC,1.0,,32.0,32.0,201.0,225.0,103.0,95.0,26.0,54.0,11.0,111.0,19.0,1.0,1.0,863.0,0.0,11.0,11.0,0.5,0.0,0.0,0.0,0.0,0.0,0.282,4.25,0.336,1.39,4.97,0.0,2.06,0.0
40,2081,Kevin Jepsen,TB,,1,67.0,0.0,60.0,47.0,24.0,22.0,5.0,23.0,2.0,64.0,0.0,0.0,0.0,250.0,0.0,3.0,4.0,0.429,15.0,10.0,5.0,0.667,21.0,0.209,3.3,0.288,1.17,9.6,0.0,2.78,31.0
41,993,David Aardsma,LAD,,1,0.0,0.0,0.0,0.0,0.0,0.0,0.0,0.0,0.0,0.0,0.0,0.0,0.0,0.0,0.0,0.0,0.0,0.0,0.0,0.0,0.0,0.0,0.0,0.0,0.0,0.0,0.0,0.0,0.0,0.0,0.0
42,971,Jorge De La Rosa,Col,1.0,,32.0,32.0,176.0,173.0,85.0,79.0,18.0,69.0,8.0,132.0,20.0,0.0,0.0,741.0,0.0,11.0,10.0,0.524,0.0,0.0,0.0,0.0,0.0,0.261,4.04,0.337,1.38,6.75,0.0,1.91,0.0
43,592,Ryan Vogelsong,SF,1.0,,55.0,15.0,142.0,147.0,69.0,64.0,14.0,48.0,7.0,106.0,9.0,0.0,0.0,610.0,0.0,8.0,8.0,0.5,0.0,0.0,0.0,0.0,0.0,0.265,4.06,0.331,1.37,6.72,0.0,2.21,0.0
44,1254,Jonathan Broxton,Mil,,1,58.0,0.0,55.0,47.0,20.0,18.0,5.0,18.0,3.0,42.0,0.0,0.0,0.0,226.0,0.0,3.0,3.0,0.5,7.0,2.0,5.0,0.286,28.0,0.229,2.95,0.301,1.18,6.87,0.0,2.33,30.0
45,3530,Jeff Locke,Pit,1.0,,30.0,30.0,174.0,166.0,80.0,75.0,16.0,73.0,8.0,128.0,19.0,0.0,0.0,735.0,0.0,9.0,9.0,0.5,0.0,0.0,0.0,0.0,0.0,0.254,3.88,0.336,1.37,6.62,0.0,1.75,0.0
46,771,Aaron Harang,Phi,1.0,,33.0,33.0,201.0,212.0,114.0,103.0,25.0,76.0,4.0,148.0,18.0,1.0,1.0,873.0,0.0,9.0,13.0,0.409,0.0,0.0,0.0,0.0,0.0,0.267,4.61,0.334,1.43,6.63,0.0,1.95,0.0
47,2133,Jordan Walden,StL,,1,56.0,0.0,50.0,39.0,22.0,21.0,4.0,22.0,0.0,55.0,0.0,0.0,0.0,210.0,0.0,2.0,4.0,0.333,6.0,2.0,4.0,0.333,24.0,0.207,3.78,0.29,1.22,9.9,0.0,2.5,26.0
48,555,Jason Grilli,Atl,,1,61.0,0.0,55.0,48.0,24.0,23.0,5.0,21.0,2.0,74.0,0.0,0.0,0.0,230.0,0.0,2.0,4.0,0.333,4.0,2.0,2.0,0.5,10.0,0.232,3.76,0.309,1.25,12.11,0.0,3.52,12.0
49,523,Barry Zito,Oak,1.0,,0.0,0.0,0.0,0.0,0.0,0.0,0.0,0.0,0.0,0.0,0.0,0.0,0.0,0.0,0.0,0.0,0.0,0.0,0.0,0.0,0.0,0.0,0.0,0.0,0.0,0.0,0.0,0.0,0.0,0.0,0.0
0,1740,J.A. Happ,Sea,1.0,,24.0,24.0,135.0,130.0,63.0,59.0,14.0,50.0,2.0,113.0,15.0,0.0,0.0,588.0,0.0,7.0,8.0,0.467,0.0,0.0,0.0,0.0,0.0,0.243,3.93,0.31,1.33,7.53,0.0,2.26,0.0
1,1494,Ubaldo Jimenez,Bal,1.0,,28.0,8.0,85.0,79.0,53.0,49.0,10.0,48.0,3.0,80.0,4.0,0.0,0.0,375.0,0.0,4.0,5.0,0.444,0.0,0.0,0.0,0.0,0.0,0.244,5.19,0.347,1.49,8.47,0.0,1.67,0.0
2,2763,Fernando Abad,Oak,,1,64.0,0.0,55.0,47.0,19.0,18.0,5.0,18.0,4.0,46.0,0.0,0.0,0.0,230.0,0.0,3.0,3.0,0.5,0.0,0.0,0.0,0.0,0.0,0.226,2.95,0.3,1.18,7.53,0.0,2.56,0.0
3,6317,Miguel Castro,Tor,1.0,,45.0,0.0,40.0,37.0,15.0,14.0,4.0,11.0,1.0,37.0,0.0,0.0,0.0,166.0,0.0,2.0,2.0,0.5,0.0,0.0,0.0,0.0,8.0,0.24,3.15,0.295,1.2,8.33,0.0,3.36,8.0
4,1957,Brad Ziegler,Ari,,1,75.0,0.0,70.0,62.0,24.0,22.0,4.0,24.0,3.0,49.0,0.0,0.0,0.0,282.0,0.0,4.0,4.0,0.5,8.0,4.0,4.0,0.5,25.0,0.243,2.83,0.316,1.23,6.3,0.0,2.04,29.0
5,1263,Scott Feldman,Hou,1.0,,30.0,30.0,180.0,180.0,94.0,83.0,18.0,56.0,8.0,119.0,18.0,2.0,1.0,765.0,0.0,10.0,10.0,0.5,0.0,0.0,0.0,0.0,0.0,0.257,4.15,0.319,1.31,5.95,0.0,2.13,0.0
6,2891,Travis Wood,ChC,1.0,,27.0,27.0,159.0,160.0,87.0,80.0,20.0,62.0,8.0,125.0,15.0,0.0,0.0,677.0,0.0,7.0,11.0,0.389,0.0,0.0,0.0,0.0,0.0,0.264,4.53,0.34,1.4,7.08,0.0,2.02,0.0
7,1215,J.P. Howell,LAD,,1,65.0,0.0,55.0,39.0,15.0,15.0,4.0,24.0,2.0,51.0,0.0,0.0,0.0,221.0,0.0,3.0,3.0,0.5,7.0,3.0,4.0,0.429,23.0,0.2,2.45,0.294,1.15,8.35,0.0,2.13,26.0
8,4575,Evan Marshall,Ari,,1,44.0,0.0,45.0,47.0,23.0,20.0,2.0,20.0,1.0,44.0,0.0,0.0,0.0,199.0,0.0,3.0,2.0,0.6,2.0,0.0,2.0,0.0,16.0,0.264,4.0,0.342,1.49,8.8,0.0,2.2,16.0
9,1196,Wandy Rodriguez,Atl,1.0,,65.0,0.0,65.0,67.0,38.0,33.0,11.0,18.0,2.0,49.0,0.0,0.0,0.0,284.0,0.0,3.0,4.0,0.429,0.0,0.0,0.0,0.0,0.0,0.254,4.57,0.306,1.31,6.78,0.0,2.72,0.0
10,1861,Hiroki Kuroda,NYY,1.0,,0.0,0.0,0.0,0.0,0.0,0.0,0.0,0.0,0.0,0.0,0.0,0.0,0.0,0.0,0.0,0.0,0.0,0.0,0.0,0.0,0.0,0.0,0.0,0.0,0.0,0.0,0.0,0.0,0.0,0.0,0.0
11,2746,Ivan Nova,NYY,1.0,,21.0,15.0,101.0,108.0,49.0,47.0,11.0,32.0,12.0,83.0,9.0,1.0,1.0,445.0,0.0,6.0,5.0,0.545,0.0,0.0,0.0,0.0,0.0,0.269,4.19,0.342,1.39,7.4,0.0,2.59,0.0
12,4516,Tsuyoshi Wada,ChC,1.0,,25.0,10.0,98.0,101.0,47.0,44.0,12.0,37.0,2.0,82.0,6.0,0.0,0.0,413.0,0.0,5.0,6.0,0.455,0.0,0.0,0.0,0.0,0.0,0.27,4.04,0.339,1.41,7.53,0.0,2.22,0.0
13,3563,Adam Warren,NYY,,1,28.0,28.0,154.0,150.0,69.0,65.0,17.0,56.0,4.0,130.0,15.0,0.0,0.0,654.0,0.0,8.0,7.0,0.533,0.0,0.0,0.0,0.0,0.0,0.253,3.8,0.321,1.34,7.6,0.0,2.32,0.0
14,2365,Junichi Tazawa,Bos,,1,61.0,0.0,65.0,62.0,24.0,21.0,6.0,16.0,1.0,69.0,0.0,0.0,0.0,268.0,0.0,4.0,3.0,0.571,4.0,1.0,3.0,0.25,21.0,0.247,2.91,0.295,1.2,9.55,0.0,4.31,22.0
15,4579,A.J. Ramos,Mia,,1,64.0,0.0,72.0,49.0,28.0,24.0,4.0,44.0,2.0,81.0,0.0,0.0,0.0,294.0,0.0,3.0,4.0,0.429,5.0,2.0,3.0,0.4,18.0,0.198,3.0,0.323,1.29,10.13,0.0,1.84,20.0
16,2934,Zach McAllister,Cle,1.0,1,18.0,6.0,62.0,61.0,38.0,32.0,7.0,20.0,1.0,51.0,3.0,0.0,0.0,263.0,0.0,3.0,4.0,0.429,0.0,0.0,0.0,0.0,0.0,0.252,4.65,0.312,1.31,7.4,0.0,2.55,0.0
17,744,Jeremy Affeldt,SF,,1,69.0,0.0,62.0,56.0,21.0,19.0,2.0,21.0,5.0,44.0,0.0,0.0,0.0,261.0,0.0,3.0,3.0,0.5,5.0,2.0,3.0,0.4,19.0,0.238,2.76,0.314,1.24,6.39,0.0,2.1,21.0
18,4569,Dylan Bundy,Bal,1.0,,15.0,15.0,85.0,77.0,39.0,35.0,9.0,40.0,4.0,64.0,8.0,0.0,0.0,365.0,0.0,5.0,4.0,0.556,0.0,0.0,0.0,0.0,0.0,0.24,3.71,0.332,1.38,6.78,0.0,1.6,0.0
19,5706,Jon Gray,Col,1.0,,9.0,9.0,50.0,53.0,31.0,29.0,6.0,22.0,2.0,39.0,3.0,0.0,0.0,212.0,0.0,2.0,4.0,0.333,0.0,0.0,0.0,0.0,0.0,0.282,5.22,0.363,1.5,7.02,0.0,1.77,0.0
20,1970,Charlie Morton,Pit,1.0,,26.0,11.0,95.0,83.0,41.0,35.0,6.0,34.0,16.0,73.0,8.0,0.0,0.0,408.0,0.0,6.0,4.0,0.6,0.0,0.0,0.0,0.0,0.0,0.232,3.32,0.326,1.23,6.92,0.0,2.15,0.0
21,4649,Alex Meyer,Min,1.0,,15.0,15.0,82.0,78.0,41.0,36.0,7.0,42.0,5.0,89.0,9.0,0.0,0.0,356.0,0.0,4.0,5.0,0.444,0.0,0.0,0.0,0.0,0.0,0.252,3.95,0.351,1.46,9.77,0.0,2.12,0.0
22,3614,Neil Ramirez,ChC,,1,50.0,0.0,50.0,46.0,28.0,26.0,6.0,26.0,3.0,52.0,0.0,0.0,0.0,208.0,0.0,2.0,4.0,0.333,6.0,2.0,4.0,0.333,22.0,0.257,4.68,0.361,1.44,9.36,0.0,2.0,24.0
23,2870,Al Alburquerque,Det,,1,71.0,0.0,60.0,49.0,23.0,23.0,7.0,27.0,3.0,71.0,0.0,0.0,0.0,258.0,0.0,4.0,2.0,0.667,2.0,0.0,2.0,0.0,15.0,0.215,3.45,0.306,1.27,10.65,0.0,2.63,15.0
24,6131,Brandon Finnegan,KC,,1,15.0,15.0,95.0,87.0,79.0,36.0,10.0,23.0,2.0,89.0,10.0,0.0,0.0,372.0,0.0,6.0,6.0,0.5,1.0,0.0,1.0,0.0,4.0,0.251,3.41,0.301,1.16,8.43,0.0,3.87,4.0
25,1302,Josh Johnson,SD,1.0,,8.0,8.0,44.0,44.0,22.0,20.0,4.0,16.0,1.0,41.0,4.0,0.0,0.0,196.0,0.0,2.0,3.0,0.4,0.0,0.0,0.0,0.0,0.0,0.246,4.09,0.311,1.36,8.39,0.0,2.56,0.0
26,5657,Roenis Elias,Sea,1.0,,25.0,25.0,141.0,133.0,68.0,59.0,12.0,62.0,8.0,123.0,16.0,0.0,1.0,594.0,0.0,8.0,8.0,0.5,0.0,0.0,0.0,0.0,0.0,0.254,3.77,0.342,1.38,7.85,0.0,1.98,0.0
27,2028,Marco Estrada,Tor,1.0,1,22.0,22.0,128.0,117.0,63.0,59.0,19.0,36.0,2.0,115.0,13.0,0.0,0.0,521.0,0.0,7.0,7.0,0.5,0.0,0.0,0.0,0.0,0.0,0.242,4.15,0.298,1.2,8.09,0.0,3.19,0.0
28,3737,Tyler Matzek,Col,1.0,,28.0,28.0,172.0,190.0,98.0,88.0,20.0,89.0,2.0,129.0,15.0,1.0,1.0,755.0,0.0,10.0,9.0,0.526,0.0,0.0,0.0,0.0,0.0,0.286,4.6,0.372,1.62,6.75,0.0,1.45,0.0
29,3051,Chris Hatcher,LAD,,1,47.0,0.0,55.0,50.0,22.0,21.0,6.0,19.0,0.0,55.0,0.0,0.0,0.0,229.0,0.0,3.0,2.0,0.6,0.0,0.0,0.0,0.0,0.0,0.238,3.44,0.301,1.25,9.0,0.0,2.89,0.0
30,3787,Patrick Corbin,Ari,1.0,,10.0,10.0,62.0,61.0,26.0,25.0,6.0,17.0,3.0,53.0,7.0,1.0,0.0,259.0,0.0,4.0,3.0,0.571,0.0,0.0,0.0,0.0,0.0,0.255,3.63,0.313,1.26,7.69,0.0,3.12,0.0
31,5047,A.J. Griffin*,Oak,1.0,,15.0,5.0,45.0,39.0,20.0,18.0,6.0,12.0,1.0,37.0,3.0,0.0,0.0,183.0,0.0,3.0,2.0,0.6,0.0,0.0,0.0,0.0,0.0,0.229,3.6,0.284,1.13,7.4,0.0,3.08,0.0
32,2374,Antonio Bastardo,Pit,,1,68.0,0.0,60.0,44.0,27.0,25.0,5.0,31.0,2.0,70.0,0.0,0.0,0.0,255.0,0.0,4.0,3.0,0.571,2.0,0.0,2.0,0.0,13.0,0.198,3.75,0.302,1.25,10.5,0.0,2.26,13.0
33,1429,Jim Johnson,Atl,,1,61.0,0.0,60.0,64.0,30.0,28.0,5.0,23.0,5.0,46.0,0.0,0.0,0.0,260.0,0.0,3.0,4.0,0.429,3.0,0.0,3.0,0.0,19.0,0.276,4.2,0.354,1.45,6.9,0.0,2.0,19.0
34,5785,David Buchanan,Phi,1.0,,18.0,18.0,106.0,110.0,57.0,51.0,12.0,40.0,9.0,67.0,10.0,0.0,0.0,454.0,0.0,5.0,7.0,0.417,0.0,0.0,0.0,0.0,0.0,0.272,4.33,0.35,1.42,5.69,0.0,1.68,0.0
35,257,Jamey Wright,Tex,,1,69.0,0.0,69.0,70.0,34.0,31.0,4.0,29.0,4.0,54.0,0.0,0.0,0.0,299.0,0.0,4.0,4.0,0.5,1.0,0.0,1.0,0.0,5.0,0.263,4.04,0.344,1.43,7.04,0.0,1.86,5.0
36,421,Jonathan Johnson,Hou,1.0,,0.0,0.0,0.0,0.0,0.0,0.0,0.0,0.0,0.0,0.0,0.0,0.0,0.0,0.0,0.0,0.0,0.0,0.0,0.0,0.0,0.0,0.0,0.0,0.0,0.0,0.0,0.0,0.0,0.0,0.0,0.0
37,2033,Jesse Chavez,Oak,1.0,1,72.0,3.0,94.0,91.0,45.0,39.0,10.0,31.0,3.0,84.0,0.0,0.0,0.0,401.0,0.0,6.0,5.0,0.545,0.0,0.0,0.0,0.0,0.0,0.248,3.73,0.312,1.3,8.04,0.0,2.71,0.0
38,4018,Ryan Cook,Oak,,1,67.0,0.0,65.0,49.0,25.0,23.0,4.0,26.0,3.0,66.0,0.0,0.0,0.0,267.0,0.0,3.0,4.0,0.429,4.0,1.0,3.0,0.25,17.0,0.206,3.18,0.292,1.15,9.14,0.0,2.54,18.0
39,2011,Tommy Hunter,Bal,,1,65.0,0.0,65.0,65.0,25.0,24.0,9.0,13.0,2.0,46.0,0.0,0.0,0.0,263.0,0.0,4.0,3.0,0.571,5.0,2.0,3.0,0.4,18.0,0.262,3.32,0.304,1.2,6.37,0.0,3.54,20.0
40,1342,Ricky Nolasco,Min,1.0,,30.0,30.0,179.0,201.0,96.0,91.0,20.0,43.0,6.0,134.0,17.0,1.0,1.0,770.0,0.0,9.0,11.0,0.45,0.0,0.0,0.0,0.0,0.0,0.279,4.58,0.325,1.36,6.74,0.0,3.12,0.0
41,1574,John Danks,CWS,1.0,,32.0,32.0,196.0,206.0,113.0,106.0,28.0,75.0,9.0,124.0,17.0,0.0,0.0,856.0,0.0,9.0,13.0,0.409,0.0,0.0,0.0,0.0,0.0,0.267,4.87,0.339,1.43,5.69,0.0,1.65,0.0
42,5083,Hunter Strickland,SF,,1,31.0,0.0,40.0,36.0,15.0,13.0,4.0,9.0,1.0,42.0,0.0,0.0,0.0,163.0,0.0,2.0,2.0,0.5,2.0,2.0,0.0,1.0,0.0,0.235,2.93,0.282,1.13,9.45,0.0,4.67,2.0
43,5125,Rafael Montero,NYM,1.0,1,24.0,3.0,50.0,45.0,26.0,21.0,5.0,23.0,0.0,48.0,2.0,0.0,0.0,208.0,0.0,3.0,2.0,0.6,0.0,0.0,0.0,0.0,0.0,0.243,3.78,0.327,1.36,8.64,0.0,2.09,0.0
44,5596,Miguel Alfredo Gonzalez,Phi,,1,19.0,19.0,102.0,78.0,56.0,42.0,6.0,83.0,6.0,108.0,12.0,0.0,0.0,422.0,0.0,6.0,5.0,0.545,0.0,0.0,0.0,0.0,0.0,0.234,3.71,0.396,1.58,9.53,0.0,1.3,0.0
45,1470,Eric Stults,Atl,1.0,,27.0,27.0,160.0,176.0,89.0,80.0,20.0,40.0,3.0,97.0,15.0,1.0,0.0,675.0,0.0,8.0,10.0,0.444,0.0,0.0,0.0,0.0,0.0,0.278,4.5,0.324,1.35,5.46,0.0,2.43,0.0
46,562,Jason Marquis,Cin,1.0,,16.0,16.0,93.0,99.0,60.0,52.0,16.0,44.0,4.0,61.0,9.0,0.0,0.0,404.0,0.0,4.0,6.0,0.4,0.0,0.0,0.0,0.0,0.0,0.278,5.03,0.364,1.54,5.9,0.0,1.39,0.0
47,946,Edwin Jackson,ChC,1.0,,45.0,0.0,45.0,49.0,28.0,26.0,5.0,17.0,1.0,38.0,0.0,0.0,0.0,196.0,0.0,2.0,3.0,0.4,0.0,0.0,0.0,0.0,0.0,0.275,5.2,0.342,1.47,7.6,0.0,2.24,0.0
48,1362,Brian Wilson,LAD,,1,63.0,0.0,50.0,50.0,26.0,25.0,5.0,32.0,4.0,56.0,0.0,0.0,0.0,231.0,0.0,3.0,3.0,0.5,3.0,0.0,3.0,0.0,21.0,0.256,4.5,0.372,1.64,10.08,0.0,1.75,21.0
49,3167,Hector Santiago,LAA,1.0,1,38.0,14.0,116.0,105.0,54.0,47.0,13.0,51.0,7.0,105.0,9.0,0.0,0.0,504.0,0.0,8.0,5.0,0.615,0.0,0.0,0.0,0.0,0.0,0.235,3.65,0.323,1.34,8.15,0.0,2.06,0.0
