,PlayerId,Name,Team,Catcher,First Base,Second Base,Third Base,Shortstop,Left Field,Center Field,Right Field,Designated Hitter,H,AB,R,2B,3B,HR,XBH,RBI,BB,SB,AVG,OBP,SLG
0,3280,Mike Trout,LAA,,,,,,,1.0,,,176.0,594.0,113.0,35.0,9.0,32.0,76.0,97.0,88.0,20.0,0.296,0.39,0.547
1,1643,Andrew McCutchen,Pit,,,,,,,1.0,,,179.0,576.0,96.0,36.0,6.0,27.0,69.0,84.0,79.0,21.0,0.311,0.399,0.535
2,2971,Giancarlo Stanton,Mia,,,,,,,,1,,155.0,562.0,92.0,33.0,1.0,40.0,74.0,106.0,93.0,9.0,0.276,0.381,0.552
3,3486,Paul Goldschmidt,Ari,,1.0,,,,,,,,173.0,582.0,102.0,48.0,2.0,29.0,79.0,101.0,90.0,15.0,0.297,0.391,0.536
4,1697,Carlos Gomez,Mil,,,,,,,1,,,162.0,584.0,95.0,32.0,6.0,26.0,64.0,73.0,44.0,40.0,0.277,0.343,0.486
5,897,Miguel Cabrera,Det,,1,,,,,,,1.0,176.0,554.0,94.0,42.0,1.0,29.0,72.0,109.0,63.0,2.0,0.318,0.386,0.554
6,961,Jose Bautista,Tor,,,,,,,,1,,150.0,541.0,100.0,28.0,0.0,34.0,62.0,94.0,97.0,7.0,0.277,0.39,0.518
7,969,Edwin Encarnacion,Tor,,1,,,,,,,1,147.0,545.0,87.0,30.0,2.0,36.0,68.0,102.0,78.0,6.0,0.27,0.365,0.53
8,5600,Jose Abreu,CWS,,1,,,,,,,1,171.0,597.0,78.0,31.0,1.0,34.0,66.0,100.0,55.0,3.0,0.286,0.355,0.513
9,1139,Robinson Cano,Sea,,,1.0,,,,,,,182.0,597.0,87.0,39.0,1.0,19.0,59.0,90.0,63.0,8.0,0.305,0.375,0.469
10,3215,Anthony Rizzo,ChC,,1,,,,,,,,164.0,588.0,91.0,34.0,1.0,34.0,69.0,89.0,74.0,6.0,0.279,0.369,0.514
11,1452,Troy Tulowitzki,Col,,,,,1.0,,,,,145.0,462.0,88.0,25.0,1.0,27.0,53.0,75.0,65.0,2.0,0.314,0.401,0.548
12,1418,Adam Jones,Bal,,,,,,,1,,,178.0,639.0,93.0,32.0,2.0,32.0,66.0,93.0,23.0,10.0,0.279,0.313,0.485
13,5068,Yasiel Puig,LAD,,,,,,,1,1,,166.0,586.0,93.0,34.0,8.0,23.0,65.0,91.0,69.0,13.0,0.283,0.37,0.486
14,386,Adrian Beltre,Tex,,,,1.0,,,,,,177.0,562.0,80.0,32.0,1.0,24.0,57.0,79.0,50.0,1.0,0.315,0.372,0.504
15,2487,Freddie Freeman,Atl,,1,,,,,,,,174.0,596.0,96.0,40.0,3.0,21.0,64.0,90.0,83.0,2.0,0.292,0.383,0.475
16,4144,Jose Altuve,Hou,,,1,,,,,,,197.0,641.0,80.0,39.0,3.0,7.0,49.0,50.0,38.0,46.0,0.307,0.348,0.41
17,2318,Michael Brantley,Cle,,,,,,1,1,,,186.0,606.0,84.0,42.0,3.0,16.0,61.0,83.0,52.0,20.0,0.307,0.364,0.465
18,2215,Ian Desmond,Wsh,,,,,1,,,,,162.0,595.0,76.0,31.0,3.0,25.0,59.0,86.0,43.0,23.0,0.272,0.325,0.461
19,1659,Ryan Braun,Mil,,,,,,,,1,,160.0,551.0,81.0,33.0,6.0,27.0,66.0,90.0,49.0,10.0,0.29,0.353,0.519
20,2380,Buster Posey,SF,1,1,,,,,,,,165.0,536.0,75.0,31.0,2.0,21.0,54.0,85.0,57.0,1.0,0.308,0.374,0.491
21,1579,Jacoby Ellsbury,NYY,,,,,,,1,,,162.0,583.0,90.0,27.0,5.0,14.0,46.0,60.0,49.0,43.0,0.278,0.334,0.413
22,1130,Hanley Ramirez,Bos,,,,,1,,,,,149.0,504.0,80.0,38.0,1.0,20.0,59.0,79.0,61.0,17.0,0.296,0.377,0.494
23,2197,Josh Donaldson,Tor,,,,1,,,,,,157.0,585.0,92.0,33.0,3.0,31.0,67.0,94.0,69.0,5.0,0.268,0.35,0.494
24,1762,Justin Upton,SD,,,,,,1,,,,150.0,558.0,87.0,31.0,4.0,23.0,58.0,87.0,69.0,10.0,0.269,0.352,0.462
25,4165,Corey Dickerson,Col,,,,,,1,,,,148.0,492.0,83.0,29.0,10.0,24.0,63.0,73.0,38.0,8.0,0.301,0.349,0.547
26,3390,Bryce Harper,Wsh,,,,,,1,,,,157.0,564.0,87.0,24.0,5.0,26.0,55.0,71.0,68.0,10.0,0.278,0.357,0.477
27,3274,Starling Marte,Pit,,,,,,1,1,,,156.0,560.0,87.0,29.0,9.0,14.0,52.0,55.0,33.0,36.0,0.279,0.34,0.438
28,1581,Evan Longoria,TB,,,,1,,,,,,164.0,610.0,84.0,31.0,1.0,26.0,58.0,88.0,60.0,3.0,0.269,0.337,0.451
29,850,Jose Reyes,Tor,,,,,1,,,,,176.0,613.0,90.0,36.0,4.0,11.0,51.0,51.0,45.0,30.0,0.287,0.335,0.413
30,4551,George Springer,Hou,,,,,,,,1,,129.0,536.0,91.0,19.0,3.0,31.0,53.0,89.0,72.0,16.0,0.241,0.343,0.461
31,725,Victor Martinez,Det,,1,,,,,,,1,170.0,545.0,71.0,31.0,0.0,21.0,52.0,81.0,58.0,2.0,0.312,0.378,0.484
32,4553,Yoenis Cespedes,Det,,,,,,1,,,1,155.0,581.0,88.0,33.0,9.0,23.0,65.0,97.0,41.0,6.0,0.267,0.316,0.473
33,613,Albert Pujols,LAA,,1,,,,,,,1,159.0,580.0,79.0,35.0,1.0,26.0,62.0,93.0,47.0,5.0,0.274,0.33,0.472
34,1600,Carlos Gonzalez,Col,,,,,,1,,,,136.0,499.0,80.0,29.0,4.0,26.0,59.0,77.0,46.0,17.0,0.273,0.335,0.503
35,4573,Anthony Rendon*,Wsh,,,1,1,,,,,,155.0,539.0,89.0,35.0,6.0,19.0,60.0,69.0,54.0,12.0,0.288,0.355,0.481
36,846,Adrian Gonzalez,LAD,,1,,,,,,,,169.0,591.0,77.0,38.0,0.0,22.0,60.0,102.0,49.0,1.0,0.286,0.337,0.462
37,1132,Ian Kinsler,Det,,,1,,,,,,,172.0,623.0,94.0,40.0,3.0,16.0,59.0,77.0,39.0,14.0,0.276,0.323,0.427
38,343,David Ortiz,Bos,,,,,,,,,1,140.0,508.0,70.0,31.0,0.0,30.0,61.0,92.0,69.0,1.0,0.276,0.361,0.514
39,1393,Matt Kemp,SD,,,,,,1,1,1,,155.0,549.0,75.0,33.0,5.0,21.0,59.0,75.0,57.0,11.0,0.282,0.347,0.475
40,978,Prince Fielder,Tex,,1,,,,,,,,159.0,557.0,76.0,33.0,0.0,21.0,54.0,87.0,79.0,1.0,0.285,0.381,0.458
41,3504,Billy Hamilton,Cin,,,,,,,1,,,151.0,590.0,81.0,23.0,7.0,6.0,36.0,47.0,39.0,62.0,0.256,0.302,0.349
42,1165,Nelson Cruz,Sea,,,,,,1,,,1,155.0,591.0,74.0,35.0,2.0,27.0,64.0,87.0,45.0,5.0,0.262,0.317,0.465
43,3256,Kyle Seager,Sea,,,,1,,,,,,158.0,597.0,73.0,30.0,3.0,25.0,58.0,84.0,56.0,9.0,0.265,0.333,0.451
44,3898,Kole Calhoun,LAA,,,,,,,,1,,161.0,592.0,91.0,35.0,7.0,20.0,62.0,72.0,47.0,9.0,0.272,0.327,0.456
45,3466,Jason Kipnis,Cle,,,1,,,,,,,153.0,580.0,78.0,30.0,2.0,13.0,45.0,67.0,66.0,28.0,0.264,0.339,0.39
46,3468,Brian Dozier,Min,,,1,,,,,,,148.0,606.0,96.0,33.0,2.0,21.0,56.0,69.0,74.0,19.0,0.244,0.331,0.409
47,2186,Chris Carter,Hou,,,,,,,,,1,125.0,530.0,75.0,24.0,1.0,36.0,61.0,90.0,66.0,4.0,0.236,0.323,0.489
48,1981,Chris Davis,Bal,,1,,1,,,,,,117.0,485.0,75.0,24.0,0.0,33.0,57.0,87.0,59.0,3.0,0.241,0.332,0.495
49,3756,Christian Yelich,Mia,,,,,,1,,,,162.0,583.0,91.0,30.0,6.0,10.0,46.0,52.0,74.0,21.0,0.278,0.36,0.401
0,2289,Todd Frazier,Cin,,1.0,,1.0,,,,,,153.0,588.0,79.0,26.0,3.0,24.0,53.0,79.0,53.0,12.0,0.26,0.329,0.437
1,3734,Nolan Arenado,Col,,,,1.0,,,,,,172.0,589.0,74.0,44.0,3.0,19.0,66.0,75.0,32.0,3.0,0.292,0.33,0.474
2,2659,Carlos Santana,Cle,,1,,1.0,,,,,1,146.0,548.0,75.0,31.0,1.0,24.0,56.0,83.0,108.0,4.0,0.266,0.388,0.458
3,2816,Jonathan Lucroy,Mil,1,,,,,,,,,169.0,570.0,71.0,44.0,4.0,16.0,64.0,75.0,59.0,4.0,0.296,0.363,0.472
4,2194,Jason Heyward,StL,,,,,,,,1.0,,156.0,576.0,84.0,29.0,4.0,17.0,50.0,61.0,63.0,16.0,0.271,0.348,0.424
5,1271,Dustin Pedroia,Bos,,,1,,,,,,,173.0,605.0,92.0,38.0,1.0,10.0,49.0,64.0,59.0,9.0,0.286,0.348,0.402
6,1629,Hunter Pence*,SF,,,,,,,,1,,146.0,536.0,82.0,25.0,8.0,17.0,50.0,70.0,46.0,12.0,0.272,0.332,0.444
7,2808,Starlin Castro,ChC,,,,,1.0,,,,,170.0,607.0,74.0,33.0,3.0,18.0,54.0,73.0,36.0,11.0,0.28,0.326,0.433
8,5534,Mookie Betts,Bos,,,,,,,1,,,138.0,474.0,85.0,32.0,3.0,11.0,46.0,56.0,56.0,28.0,0.291,0.367,0.441
9,997,Matt Holliday,StL,,,,,,1.0,,,,156.0,550.0,82.0,33.0,1.0,21.0,55.0,84.0,69.0,4.0,0.284,0.375,0.462
10,4535,Kolten Wong,StL,,,1,,,,,,,156.0,577.0,83.0,23.0,5.0,14.0,42.0,56.0,33.0,28.0,0.27,0.315,0.4
11,1612,Joey Votto,Cin,,1,,,,,,,,144.0,499.0,82.0,36.0,1.0,19.0,56.0,59.0,116.0,5.0,0.289,0.424,0.479
12,3474,Matt Carpenter,StL,,,,1,,,,,,166.0,575.0,94.0,39.0,5.0,9.0,53.0,58.0,79.0,4.0,0.289,0.377,0.421
13,1872,Jay Bruce,Cin,,,,,,,,1,,136.0,552.0,81.0,32.0,2.0,24.0,58.0,83.0,53.0,9.0,0.246,0.312,0.442
14,1863,Alexei Ramirez,CWS,,,,,1,,,,,173.0,628.0,75.0,34.0,2.0,12.0,48.0,64.0,23.0,24.0,0.275,0.305,0.393
15,1578,Alex Gordon,KC,,,,,,1,,,,152.0,573.0,75.0,33.0,3.0,18.0,54.0,75.0,61.0,11.0,0.265,0.343,0.428
16,3143,Dee Gordon,Mia,,,1,,,,,,,159.0,604.0,78.0,20.0,13.0,1.0,34.0,35.0,41.0,52.0,0.263,0.313,0.344
17,2263,Devin Mesoraco,Cin,1,,,,,,,,,120.0,445.0,59.0,27.0,0.0,25.0,52.0,79.0,46.0,1.0,0.27,0.347,0.499
18,4066,Leonys Martin,Tex,,,,,,,1,,,158.0,585.0,90.0,20.0,6.0,11.0,37.0,52.0,44.0,37.0,0.27,0.324,0.381
19,4149,Marcell Ozuna,Mia,,,,,,,1,,,155.0,593.0,76.0,28.0,5.0,21.0,54.0,86.0,41.0,6.0,0.261,0.309,0.432
20,3559,Manny Machado,Bal,,,,1,,,,,,164.0,581.0,76.0,34.0,2.0,18.0,54.0,69.0,35.0,6.0,0.282,0.326,0.441
21,1765,Brandon Moss,Cle,,1,,,,1,,1,,117.0,459.0,68.0,21.0,1.0,27.0,49.0,78.0,50.0,3.0,0.255,0.338,0.481
22,2025,Pablo Sandoval,Bos,,,,1,,,,,,153.0,525.0,80.0,32.0,3.0,16.0,51.0,84.0,42.0,0.0,0.291,0.344,0.455
23,2132,Mark Trumbo,Ari,,1,,,,1,,,,137.0,568.0,73.0,27.0,3.0,31.0,61.0,92.0,48.0,4.0,0.241,0.3,0.463
24,2416,Elvis Andrus,Tex,,,,,1,,,,,168.0,615.0,80.0,31.0,3.0,3.0,37.0,51.0,50.0,32.0,0.273,0.329,0.348
25,1985,Brett Gardner,NYY,,,,,,1,1,,,144.0,548.0,85.0,28.0,8.0,13.0,49.0,53.0,56.0,22.0,0.263,0.336,0.414
26,5444,Evan Gattis,Hou,1,,,,,,,,,140.0,530.0,63.0,30.0,2.0,31.0,63.0,84.0,33.0,0.0,0.264,0.318,0.504
27,3590,Salvador Perez,KC,1,,,,,,,,,160.0,579.0,61.0,29.0,2.0,18.0,49.0,75.0,23.0,1.0,0.276,0.305,0.427
28,1267,Ryan Zimmerman,Wsh,,,,1,,1,,,,145.0,523.0,76.0,34.0,2.0,20.0,56.0,83.0,53.0,4.0,0.277,0.342,0.465
29,1044,David Wright,NYM,,,,1,,,,,,152.0,547.0,63.0,31.0,3.0,16.0,50.0,63.0,55.0,11.0,0.278,0.346,0.433
30,5447,Gregory Polanco,Pit,,,,,,,,1,,127.0,508.0,79.0,22.0,3.0,11.0,36.0,68.0,51.0,25.0,0.25,0.317,0.37
31,3841,Matt Adams,StL,,1,,,,,,,,144.0,505.0,59.0,31.0,2.0,19.0,52.0,69.0,27.0,2.0,0.285,0.321,0.467
32,542,Jayson Werth*,Wsh,,,,,,,,1,,126.0,431.0,69.0,27.0,1.0,15.0,43.0,62.0,62.0,8.0,0.292,0.386,0.464
33,4583,Yan Gomes,Cle,1,,,,,,,,,135.0,483.0,61.0,27.0,2.0,19.0,48.0,68.0,25.0,2.0,0.28,0.318,0.462
34,2013,Daniel Murphy,NYM,,,1,,,,,,,174.0,616.0,80.0,36.0,3.0,10.0,49.0,61.0,37.0,16.0,0.282,0.323,0.399
35,539,Jimmy Rollins,LAD,,,,,1,,,,,139.0,561.0,81.0,26.0,3.0,16.0,45.0,55.0,54.0,25.0,0.248,0.313,0.39
36,3546,Charlie Blackmon,Col,,,,,,1,1,1,,127.0,453.0,72.0,23.0,4.0,14.0,41.0,56.0,27.0,17.0,0.28,0.331,0.442
37,5675,Kris Bryant,ChC,,,,1,,,,,,119.0,457.0,71.0,25.0,1.0,30.0,56.0,73.0,63.0,12.0,0.26,0.364,0.516
38,828,Chase Utley,Phi,,,1,,,,,,,146.0,534.0,73.0,32.0,6.0,14.0,52.0,70.0,51.0,9.0,0.273,0.344,0.434
39,5048,Jorge Soler,ChC,,,,,,,,1,,144.0,544.0,70.0,38.0,4.0,23.0,65.0,77.0,56.0,2.0,0.265,0.33,0.476
40,3392,Lucas Duda,NYM,,1,,,,,,,,127.0,512.0,71.0,24.0,0.0,27.0,51.0,76.0,71.0,2.0,0.248,0.347,0.453
41,1019,Yadier Molina,StL,1,,,,,,,,,155.0,522.0,63.0,31.0,0.0,14.0,45.0,65.0,35.0,4.0,0.297,0.344,0.437
42,3107,A.J. Pollock,Ari,,,,,,,1,,,153.0,558.0,78.0,34.0,8.0,10.0,52.0,52.0,39.0,21.0,0.274,0.325,0.418
43,3452,Eric Hosmer,KC,,1,,,,,,,,162.0,584.0,71.0,35.0,2.0,13.0,50.0,67.0,47.0,9.0,0.277,0.331,0.411
44,3527,J.D. Martinez,Det,,,,,,1,,1,,140.0,503.0,58.0,31.0,3.0,22.0,56.0,77.0,33.0,6.0,0.278,0.324,0.483
45,4070,Josh Harrison,Pit,,,,1,,1,,1,,143.0,509.0,74.0,34.0,7.0,11.0,52.0,50.0,21.0,17.0,0.281,0.316,0.44
46,953,Adam LaRoche,CWS,,1,,,,,,,,125.0,476.0,70.0,22.0,1.0,25.0,48.0,79.0,77.0,3.0,0.263,0.363,0.471
47,3876,Joc Pederson,LAD,,,,,,1,1,,,93.0,399.0,66.0,12.0,2.0,20.0,34.0,49.0,61.0,21.0,0.233,0.34,0.424
48,825,Justin Morneau,Col,,1,,,,,,,,147.0,499.0,61.0,30.0,2.0,19.0,51.0,76.0,39.0,0.0,0.295,0.348,0.477
49,1238,Melky Cabrera,CWS,,,,,,1,,,,157.0,526.0,76.0,28.0,4.0,13.0,45.0,60.0,44.0,7.0,0.298,0.352,0.441
0,1363,Erick Aybar,LAA,,,,,1.0,,,,,164.0,591.0,76.0,32.0,5.0,7.0,44.0,60.0,32.0,16.0,0.277,0.317,0.384
1,1365,Howie Kendrick,LAD,,,1,,,,,,,157.0,554.0,70.0,29.0,4.0,11.0,44.0,65.0,38.0,11.0,0.283,0.333,0.41
2,1212,Brian McCann,NYY,1.0,,,,,,,,,125.0,493.0,60.0,17.0,1.0,24.0,42.0,79.0,39.0,1.0,0.254,0.314,0.438
3,954,Alex Rios,KC,,,,,,,,1,,146.0,530.0,65.0,32.0,6.0,10.0,48.0,61.0,28.0,24.0,0.275,0.312,0.415
4,2202,Neil Walker,Pit,,,1,,,,,,,136.0,503.0,72.0,25.0,3.0,21.0,49.0,70.0,48.0,4.0,0.27,0.344,0.457
5,375,Aramis Ramirez,Mil,,,,1.0,,,,,,144.0,512.0,60.0,29.0,1.0,18.0,48.0,73.0,31.0,3.0,0.281,0.335,0.447
6,3738,Wil Myers,SD,,,,,,,,1,,134.0,557.0,72.0,26.0,2.0,18.0,46.0,75.0,58.0,10.0,0.241,0.312,0.391
7,2269,Pedro Alvarez,Pit,,,,1,,,,,,114.0,450.0,62.0,19.0,1.0,29.0,49.0,76.0,48.0,5.0,0.253,0.327,0.493
8,1433,Ben Zobrist,Oak,,,1,,1,1,,,,154.0,570.0,78.0,35.0,5.0,13.0,53.0,66.0,77.0,11.0,0.27,0.357,0.418
9,2042,Alcides Escobar,KC,,,,,1,,,,,160.0,589.0,68.0,30.0,5.0,4.0,39.0,49.0,23.0,29.0,0.272,0.304,0.36
10,2789,Ben Revere,Phi,,,,,,,1.0,,,170.0,586.0,68.0,14.0,6.0,2.0,22.0,28.0,20.0,44.0,0.29,0.316,0.345
11,1268,Russell Martin,Tor,1,,,,,,,,,107.0,409.0,51.0,22.0,0.0,17.0,39.0,64.0,59.0,6.0,0.262,0.37,0.44
12,4087,Xander Bogaerts,Bos,,,,1,1,,,,,143.0,561.0,64.0,29.0,2.0,14.0,45.0,69.0,46.0,4.0,0.255,0.316,0.389
13,1357,Martin Prado,Mia,,,1,1,,,,,,164.0,573.0,75.0,32.0,4.0,12.0,48.0,66.0,38.0,6.0,0.286,0.333,0.419
14,895,Jhonny Peralta,StL,,,,,1,,,,,140.0,526.0,58.0,34.0,0.0,18.0,52.0,65.0,50.0,3.0,0.266,0.333,0.433
15,3871,Danny Santana,Min,,,,,1,,1,,,158.0,587.0,77.0,32.0,10.0,6.0,48.0,42.0,26.0,22.0,0.269,0.304,0.388
16,3499,Jean Segura,Mil,,,,,1,,,,,148.0,568.0,68.0,17.0,8.0,7.0,32.0,41.0,30.0,32.0,0.261,0.303,0.356
17,1140,Shin-Soo Choo,Tex,,,,,,1,,,1.0,136.0,518.0,79.0,28.0,1.0,15.0,44.0,46.0,80.0,12.0,0.263,0.376,0.407
18,4646,Rougned Odor,Tex,,,1,,,,,,,148.0,551.0,66.0,19.0,6.0,15.0,40.0,69.0,25.0,12.0,0.269,0.304,0.407
19,3735,Oswaldo Arcia,Min,,,,,,,,1,,123.0,501.0,66.0,25.0,4.0,24.0,53.0,78.0,41.0,3.0,0.246,0.312,0.455
20,2536,Lorenzo Cain,KC,,,,,,,1,1,,151.0,576.0,67.0,31.0,4.0,8.0,43.0,60.0,35.0,27.0,0.262,0.307,0.372
21,1103,Curtis Granderson,NYM,,,,,,,,1,,125.0,540.0,77.0,23.0,3.0,23.0,49.0,65.0,73.0,10.0,0.231,0.326,0.413
22,824,Joe Mauer,Min,,1.0,,,,,,,,158.0,543.0,73.0,34.0,2.0,8.0,44.0,61.0,75.0,3.0,0.291,0.376,0.405
23,2122,Matt Wieters*,Bal,1,,,,,,,,,117.0,453.0,55.0,24.0,0.0,20.0,44.0,69.0,40.0,2.0,0.258,0.315,0.444
24,3887,Jedd Gyorko,SD,,,1,,,,,,,125.0,493.0,63.0,24.0,1.0,23.0,48.0,77.0,39.0,3.0,0.254,0.312,0.446
25,6128,Rusney Castillo,Bos,,,,,,,1,,,133.0,455.0,68.0,25.0,2.0,14.0,41.0,56.0,28.0,18.0,0.292,0.349,0.448
26,1803,Steve Pearce,Bal,,1,,,,1,,,,115.0,419.0,58.0,29.0,0.0,20.0,49.0,54.0,49.0,6.0,0.274,0.358,0.487
27,2177,Austin Jackson,Sea,,,,,,,1,,,151.0,587.0,85.0,29.0,7.0,7.0,43.0,47.0,49.0,22.0,0.257,0.314,0.366
28,3644,Scooter Gennett,Mil,,,1,,,,,,,151.0,531.0,74.0,29.0,4.0,12.0,45.0,57.0,26.0,12.0,0.284,0.318,0.422
29,3354,Brandon Belt,SF,,1,,,,,,,,130.0,491.0,65.0,29.0,3.0,19.0,51.0,60.0,50.0,7.0,0.265,0.337,0.452
30,413,Carlos Beltran,NYY,,,,,,,,1,1,117.0,455.0,59.0,24.0,1.0,20.0,45.0,61.0,41.0,4.0,0.257,0.32,0.446
31,4557,Adam Eaton,CWS,,,,,,,1,,,147.0,542.0,90.0,29.0,9.0,4.0,42.0,37.0,53.0,20.0,0.271,0.345,0.38
32,627,Michael Cuddyer,NYM,,,,,,,,1,,128.0,483.0,66.0,31.0,2.0,19.0,52.0,67.0,40.0,8.0,0.265,0.321,0.455
33,2984,Travis d'Arnaud,NYM,1,,,,,,,,,113.0,443.0,57.0,27.0,2.0,17.0,46.0,52.0,39.0,1.0,0.255,0.318,0.44
34,3389,Yasmani Grandal,LAD,1,1,,,,,,,,96.0,394.0,55.0,21.0,1.0,16.0,38.0,56.0,56.0,2.0,0.244,0.337,0.424
35,741,Carl Crawford,LAD,,,,,,1,,,,124.0,430.0,66.0,22.0,3.0,9.0,34.0,44.0,22.0,22.0,0.288,0.329,0.416
36,1613,Asdrubal Cabrera,TB,,,1,,1,,,,,136.0,535.0,70.0,33.0,4.0,12.0,49.0,61.0,47.0,10.0,0.254,0.32,0.398
37,4207,Andrelton Simmons,Atl,,,,,1,,,,,159.0,621.0,65.0,26.0,5.0,11.0,42.0,56.0,40.0,7.0,0.256,0.301,0.367
38,3656,Nick Castellanos,Det,,,,1,,,,,,154.0,584.0,67.0,36.0,3.0,14.0,53.0,69.0,40.0,3.0,0.264,0.311,0.408
39,2491,Wilin Rosario,Col,1,,,,,,,,,115.0,433.0,58.0,25.0,0.0,19.0,44.0,66.0,23.0,3.0,0.266,0.3,0.455
40,5322,Arismendy Alcantara,ChC,,,1,,,,1,,,96.0,396.0,50.0,21.0,5.0,11.0,37.0,41.0,29.0,15.0,0.242,0.295,0.404
41,793,Coco Crisp*,Oak,,,,,,,1,,,107.0,425.0,66.0,19.0,3.0,11.0,33.0,44.0,52.0,21.0,0.252,0.33,0.388
42,1568,Billy Butler,Oak,,1,,,,,,,1,164.0,577.0,61.0,32.0,0.0,14.0,46.0,76.0,51.0,0.0,0.284,0.344,0.412
43,1373,Mike Napoli,Bos,,1,,,,,,,,105.0,429.0,59.0,23.0,1.0,21.0,45.0,65.0,74.0,2.0,0.245,0.361,0.45
44,3964,Khris Davis,Mil,,,,,,1,,,,116.0,467.0,68.0,35.0,2.0,22.0,59.0,69.0,37.0,4.0,0.248,0.315,0.473
45,2467,Wilson Ramos,Wsh,1,,,,,,,,,113.0,406.0,41.0,14.0,0.0,17.0,31.0,65.0,22.0,0.0,0.278,0.313,0.438
46,739,Marlon Byrd,Cin,,,,,,,,1,,144.0,554.0,67.0,29.0,3.0,22.0,54.0,75.0,33.0,2.0,0.26,0.309,0.442
47,6155,Yasmany Tomas,Ari,,,,,,,,1,,132.0,516.0,61.0,26.0,5.0,18.0,49.0,77.0,34.0,8.0,0.256,0.301,0.43
48,1083,Ryan Howard,Phi,,1,,,,,,,,128.0,561.0,63.0,22.0,1.0,23.0,46.0,89.0,60.0,0.0,0.228,0.306,0.394
49,4603,Javier Baez,ChC,,,1,,1,,,,,97.0,426.0,57.0,19.0,1.0,20.0,40.0,65.0,30.0,10.0,0.228,0.282,0.418
0,161,Alex Rodriguez,NYY,,,,1.0,,,,,,106.0,430.0,60.0,16.0,1.0,17.0,34.0,49.0,47.0,11.0,0.247,0.329,0.407
1,5152,Mike Zunino,Sea,1,,,,,,,,,97.0,460.0,58.0,21.0,2.0,21.0,44.0,61.0,23.0,0.0,0.211,0.27,0.402
2,1735,Chase Headley,NYY,,,,1,,,,,,134.0,512.0,66.0,27.0,1.0,17.0,45.0,61.0,64.0,9.0,0.262,0.353,0.418
3,4687,Dalton Pompey,Tor,,,,,,,1.0,,,119.0,458.0,70.0,24.0,9.0,8.0,41.0,40.0,41.0,28.0,0.26,0.323,0.404
4,737,Brandon Phillips,Cin,,,1,,,,,,,139.0,525.0,62.0,26.0,1.0,13.0,40.0,68.0,28.0,5.0,0.265,0.307,0.392
5,3047,Brett Lawrie,Oak,,,1,1,,,,,,127.0,490.0,55.0,21.0,2.0,14.0,37.0,56.0,33.0,8.0,0.259,0.315,0.396
6,1438,Rajai Davis,Det,,,,,,1,1,,,109.0,406.0,56.0,23.0,2.0,6.0,31.0,37.0,22.0,39.0,0.268,0.312,0.379
7,1330,Nick Markakis,Atl,,,,,,,,1.0,,165.0,600.0,80.0,28.0,1.0,12.0,41.0,50.0,60.0,3.0,0.275,0.343,0.385
8,1907,Denard Span*,Wsh,,,,,,,1,,,145.0,509.0,72.0,30.0,8.0,4.0,42.0,34.0,40.0,20.0,0.285,0.338,0.399
9,3146,Avisail Garcia,CWS,,,,,,,,1,,116.0,435.0,55.0,15.0,2.0,14.0,31.0,54.0,24.0,8.0,0.267,0.312,0.407
10,1206,Michael Morse,Mia,,1.0,,,,1,,,,112.0,420.0,52.0,28.0,3.0,15.0,46.0,57.0,29.0,0.0,0.267,0.322,0.455
11,703,Mark Teixeira,NYY,,1.0,,,,,,,,107.0,458.0,60.0,19.0,0.0,22.0,41.0,70.0,60.0,1.0,0.234,0.326,0.419
12,3029,Steven Souza,TB,,,,,,,,1,,97.0,370.0,51.0,21.0,1.0,12.0,34.0,53.0,45.0,17.0,0.262,0.344,0.422
13,973,J.J. Hardy*,Bal,,,,,1.0,,,,,125.0,487.0,53.0,23.0,0.0,13.0,36.0,50.0,28.0,1.0,0.257,0.298,0.384
14,331,Torii Hunter,Min,,,,,,,,1,,137.0,493.0,63.0,28.0,2.0,14.0,44.0,64.0,22.0,4.0,0.278,0.313,0.428
15,2869,Desmond Jennings,TB,,,,,,,1,,,132.0,534.0,79.0,32.0,4.0,13.0,49.0,44.0,55.0,21.0,0.247,0.323,0.395
16,2911,Lonnie Chisenhall,Cle,,,,1,,,,,,136.0,502.0,64.0,31.0,1.0,16.0,48.0,63.0,39.0,3.0,0.271,0.331,0.432
17,4622,Marcus Semien,Oak,,,1,1,,,,,,110.0,442.0,68.0,25.0,4.0,11.0,40.0,53.0,54.0,11.0,0.249,0.335,0.398
18,1125,Aaron Hill,Ari,,,1,,,,,,,132.0,488.0,65.0,30.0,3.0,15.0,48.0,64.0,34.0,5.0,0.27,0.321,0.436
19,1460,Adam Lind,Mil,,1,,,,,,,1.0,128.0,447.0,58.0,25.0,2.0,18.0,45.0,62.0,45.0,1.0,0.286,0.349,0.472
20,5654,Micah Johnson,CWS,,,1,,,,,,,101.0,397.0,40.0,16.0,6.0,4.0,26.0,36.0,31.0,18.0,0.254,0.309,0.355
21,2237,Eric Young Jr.,Atl,,,,,,1,,,,82.0,335.0,52.0,14.0,5.0,2.0,21.0,20.0,29.0,32.0,0.245,0.312,0.334
22,1466,Miguel Montero,ChC,1,,,,,,,,,98.0,389.0,45.0,18.0,0.0,11.0,29.0,54.0,53.0,0.0,0.252,0.349,0.383
23,650,Josh Hamilton*,LAA,,,,,,1,,,,84.0,335.0,45.0,19.0,1.0,13.0,33.0,47.0,30.0,3.0,0.251,0.315,0.43
24,1894,Jed Lowrie,Hou,,,,,1,,,,,131.0,483.0,62.0,29.0,2.0,11.0,42.0,53.0,47.0,1.0,0.271,0.338,0.408
25,2489,Josh Reddick*,Oak,,,,,,,,1,,118.0,466.0,67.0,22.0,6.0,18.0,46.0,67.0,43.0,4.0,0.253,0.316,0.442
26,2068,Dexter Fowler,ChC,,,,,,,1,,,115.0,440.0,64.0,20.0,3.0,9.0,32.0,36.0,70.0,14.0,0.261,0.366,0.382
27,2071,John Jaso,TB,1,,,,,,,,1,119.0,435.0,61.0,25.0,3.0,12.0,40.0,56.0,52.0,4.0,0.274,0.359,0.428
28,1339,Angel Pagan,SF,,,,,,,1,,,127.0,448.0,66.0,25.0,6.0,5.0,36.0,35.0,32.0,18.0,0.283,0.331,0.4
29,2950,Alexi Amarista,SD,,,1,1,1,,1,,,99.0,403.0,41.0,15.0,3.0,5.0,23.0,39.0,26.0,10.0,0.246,0.29,0.335
30,4527,Norichika Aoki,SF,,,,,,,,1,,136.0,496.0,64.0,22.0,5.0,3.0,30.0,36.0,43.0,18.0,0.274,0.341,0.357
31,4562,Joe Panik,SF,,,1,,,,,,,155.0,564.0,69.0,24.0,6.0,4.0,34.0,45.0,40.0,6.0,0.275,0.325,0.36
32,1432,Michael Bourn,Cle,,,,,,,1,,,138.0,535.0,71.0,21.0,9.0,5.0,35.0,40.0,45.0,21.0,0.258,0.317,0.359
33,5507,Kennys Vargas,Min,,,,,,,,,1,117.0,469.0,57.0,21.0,1.0,19.0,41.0,71.0,39.0,0.0,0.249,0.31,0.42
34,6182,Jung Ho Kang,Pit,,,,,1,,,,,66.0,259.0,37.0,16.0,1.0,10.0,27.0,28.0,24.0,9.0,0.255,0.331,0.44
35,1798,Emilio Bonifacio,CWS,,,1,,,,1,,,104.0,432.0,52.0,16.0,4.0,3.0,23.0,25.0,33.0,31.0,0.241,0.296,0.317
36,2171,Trevor Plouffe,Min,,,,1,,,,,,132.0,511.0,63.0,33.0,2.0,17.0,52.0,67.0,48.0,2.0,0.258,0.326,0.431
37,4805,Jace Peterson,Atl,,,1,,1,,,,,56.0,244.0,29.0,12.0,3.0,1.0,16.0,23.0,26.0,9.0,0.23,0.305,0.316
38,3859,Didi Gregorius,NYY,,,,,1,,,,,118.0,464.0,64.0,19.0,5.0,8.0,32.0,42.0,40.0,4.0,0.254,0.321,0.369
39,3895,Juan Lagares,NYM,,,,,,,1,,,144.0,555.0,60.0,29.0,5.0,6.0,40.0,51.0,28.0,17.0,0.259,0.3,0.362
40,4631,C.J. Cron,LAA,,1,,,,,,,1,97.0,373.0,44.0,21.0,1.0,15.0,37.0,56.0,17.0,3.0,0.26,0.303,0.442
41,5300,Jose Ramirez,Cle,,,,,1,,,,,82.0,306.0,42.0,13.0,2.0,3.0,18.0,25.0,20.0,20.0,0.268,0.311,0.353
42,2820,Mike Moustakas,KC,,,,1,,,,,,118.0,495.0,51.0,27.0,1.0,16.0,44.0,55.0,36.0,2.0,0.238,0.293,0.394
43,2222,Jon Jay,StL,,,,,,1,1,1,,85.0,296.0,39.0,13.0,2.0,3.0,18.0,31.0,22.0,6.0,0.287,0.358,0.375
44,1346,James Loney,TB,,1,,,,,,,,157.0,549.0,52.0,26.0,0.0,9.0,35.0,62.0,39.0,3.0,0.286,0.333,0.383
45,3093,Jordy Mercer,Pit,,,,,1,,,,,131.0,504.0,53.0,29.0,2.0,11.0,42.0,51.0,35.0,5.0,0.26,0.312,0.391
46,3000,Derek Norris,SD,1,,,,,,,,,100.0,398.0,52.0,19.0,2.0,10.0,31.0,52.0,55.0,5.0,0.251,0.343,0.384
47,2745,Allen Craig,Bos,,1,,,,,,1,,105.0,391.0,48.0,22.0,1.0,11.0,34.0,56.0,31.0,2.0,0.269,0.329,0.414
48,1123,Kendrys Morales,KC,,1,,,,,,,1,126.0,485.0,53.0,28.0,0.0,17.0,45.0,61.0,36.0,0.0,0.26,0.314,0.423
49,2061,Luis Valbuena,Hou,,,1,1,,,,,,91.0,371.0,49.0,23.0,2.0,13.0,38.0,40.0,52.0,1.0,0.245,0.34,0.423
0,806,Omar Infante,KC,,,1.0,,,,,,,142.0,533.0,56.0,24.0,4.0,9.0,37.0,58.0,28.0,9.0,0.266,0.301,0.377
1,2697,Dustin Ackley,Sea,,,,,,1,,,,136.0,538.0,70.0,27.0,3.0,12.0,42.0,57.0,45.0,7.0,0.253,0.313,0.381
2,3188,DJ LeMahieu,Col,,,1,,,,,,,147.0,527.0,64.0,21.0,6.0,4.0,31.0,45.0,32.0,16.0,0.279,0.32,0.364
3,2838,Brandon Crawford,SF,,,,,1.0,,,,,124.0,501.0,54.0,23.0,9.0,9.0,41.0,58.0,52.0,3.0,0.248,0.318,0.383
4,2430,Everth Cabrera,Bal,,,,,1.0,,,,,61.0,245.0,29.0,10.0,1.0,2.0,13.0,15.0,20.0,19.0,0.249,0.306,0.322
5,1204,Stephen Drew,NYY,,,1,,1.0,,,,,85.0,388.0,42.0,20.0,2.0,13.0,35.0,46.0,44.0,3.0,0.219,0.297,0.381
6,4461,Jonathan Schoop,Bal,,,1,,,,,,,111.0,505.0,56.0,21.0,0.0,18.0,39.0,53.0,21.0,2.0,0.22,0.263,0.368
7,2224,David Freese,LAA,,,,1.0,,,,,,127.0,482.0,57.0,25.0,1.0,12.0,38.0,59.0,43.0,1.0,0.263,0.33,0.394
8,1605,Jarrod Saltalamacchia,Mia,1,,,,,,,,,96.0,414.0,54.0,24.0,0.0,15.0,39.0,51.0,53.0,1.0,0.232,0.318,0.399
9,2060,Casey McGehee,SF,,,,1,,,,,,146.0,563.0,52.0,24.0,1.0,6.0,31.0,63.0,62.0,3.0,0.259,0.33,0.337
10,5436,Devon Travis,Tor,,,1,,,,,,,97.0,379.0,56.0,18.0,6.0,8.0,32.0,42.0,28.0,13.0,0.256,0.308,0.398
11,3510,Anthony Gose,Det,,,,,,,1.0,,,84.0,365.0,53.0,10.0,7.0,4.0,21.0,28.0,30.0,23.0,0.23,0.297,0.329
12,197,Derek Jeter,NYY,,,,,1,,,,,0.0,0.0,0.0,0.0,0.0,0.0,0.0,0.0,0.0,0.0,0.0,0.0,0.0
13,848,Shane Victorino,Bos,,,,,,,,1.0,,94.0,349.0,49.0,19.0,3.0,7.0,29.0,35.0,21.0,15.0,0.269,0.322,0.401
14,1728,Kurt Suzuki,Min,1,,,,,,,,,106.0,395.0,34.0,26.0,0.0,4.0,30.0,46.0,28.0,1.0,0.268,0.322,0.365
15,3024,Wilmer Flores,NYM,,,,,1,,,,,73.0,276.0,35.0,15.0,1.0,8.0,24.0,42.0,14.0,1.0,0.264,0.299,0.413
16,5366,Odubel Herrera,Phi,,,,,1,,,,,84.0,351.0,32.0,11.0,3.0,1.0,15.0,30.0,17.0,10.0,0.239,0.277,0.296
17,1885,Colby Rasmus,Hou,,,,,,,1,,,89.0,374.0,48.0,17.0,2.0,18.0,37.0,47.0,33.0,3.0,0.238,0.302,0.439
18,4697,Michael Taylor,Wsh,,,,,,,1,,,41.0,168.0,26.0,6.0,0.0,6.0,12.0,19.0,17.0,11.0,0.244,0.321,0.387
19,2711,Jose Iglesias,Det,,,,,1,,,,,120.0,478.0,54.0,15.0,2.0,5.0,22.0,36.0,26.0,11.0,0.251,0.301,0.322
20,3310,Chris Owings,Ari,,,,,1,,,,,101.0,391.0,51.0,18.0,5.0,6.0,29.0,36.0,16.0,11.0,0.258,0.29,0.376
21,5601,Alex Guerrero,LAD,,,1,,,,,,,41.0,154.0,19.0,7.0,2.0,7.0,16.0,23.0,5.0,2.0,0.266,0.301,0.474
22,3285,Brock Holt,Bos,,,,1,,,,1,,45.0,162.0,22.0,9.0,2.0,2.0,13.0,13.0,13.0,5.0,0.278,0.335,0.395
23,4683,Brad Miller,Sea,,,,,1,,,,,99.0,414.0,56.0,16.0,5.0,11.0,32.0,46.0,40.0,6.0,0.239,0.307,0.382
24,5359,Billy Burns,Oak,,,,,,,1,,,27.0,120.0,17.0,5.0,1.0,0.0,6.0,6.0,11.0,12.0,0.225,0.293,0.283
25,2689,Michael Saunders*,Tor,,,,,,,,1,,101.0,382.0,61.0,25.0,4.0,15.0,44.0,51.0,46.0,10.0,0.264,0.34,0.469
26,1376,Carlos Ruiz,Phi,1,,,,,,,,,106.0,392.0,45.0,27.0,1.0,8.0,36.0,41.0,38.0,3.0,0.27,0.351,0.406
27,4958,Jose Peraza,Atl,,,1,,,,,,,84.0,302.0,45.0,9.0,3.0,1.0,13.0,22.0,8.0,27.0,0.278,0.301,0.338
28,5150,Byron Buxton,Min,,,,,,,1,,,40.0,155.0,25.0,6.0,4.0,5.0,15.0,17.0,16.0,7.0,0.258,0.333,0.445
29,2089,Francisco Cervelli,Pit,1,,,,,,,,,87.0,353.0,42.0,20.0,2.0,3.0,25.0,31.0,31.0,3.0,0.246,0.33,0.34
30,3494,Stephen Vogt,Oak,,1.0,,,,,,,,99.0,362.0,45.0,17.0,4.0,10.0,31.0,48.0,28.0,1.0,0.273,0.325,0.425
31,3690,Mike Olt,ChC,,,,1,,,,,,44.0,213.0,26.0,10.0,0.0,10.0,20.0,31.0,23.0,1.0,0.207,0.286,0.394
32,5890,David Peralta,Ari,,,,,,1,,1,,123.0,444.0,57.0,23.0,9.0,10.0,42.0,62.0,24.0,6.0,0.277,0.317,0.437
33,2212,Chris Johnson,Atl,,,,1,,,,,,155.0,580.0,48.0,30.0,1.0,11.0,42.0,62.0,27.0,4.0,0.267,0.302,0.379
34,1663,Alejandro De Aza,Bal,,,,,,1,,,,121.0,448.0,59.0,23.0,5.0,9.0,37.0,41.0,35.0,17.0,0.27,0.329,0.404
35,2822,Jarrod Dyson,KC,,,,,,,1,,,53.0,216.0,30.0,5.0,4.0,1.0,10.0,15.0,19.0,28.0,0.245,0.308,0.319
36,4605,Francisco Lindor,Cle,,,,,1,,,,,86.0,346.0,45.0,10.0,2.0,6.0,18.0,36.0,28.0,17.0,0.249,0.304,0.341
37,2432,Tyler Flowers,CWS,1,,,,,,,,,88.0,402.0,42.0,15.0,0.0,17.0,32.0,44.0,25.0,0.0,0.219,0.278,0.383
38,3884,Randal Grichuk,StL,,,,,,,,1,,94.0,394.0,55.0,20.0,3.0,15.0,38.0,45.0,18.0,6.0,0.239,0.279,0.419
39,3933,Kevin Kiermaier,TB,,,,,,,1,1,,117.0,446.0,64.0,19.0,12.0,10.0,41.0,39.0,31.0,13.0,0.262,0.315,0.426
40,653,Juan Uribe,LAD,,,,1,,,,,,102.0,377.0,36.0,20.0,0.0,9.0,29.0,45.0,20.0,2.0,0.271,0.309,0.395
41,2001,Travis Snider,Bal,,,,,,1,,1,,93.0,360.0,48.0,17.0,2.0,14.0,33.0,47.0,38.0,2.0,0.258,0.329,0.433
42,2472,Jason Castro,Hou,1,,,,,,,,,79.0,327.0,36.0,19.0,1.0,10.0,30.0,38.0,30.0,1.0,0.242,0.312,0.398
43,404,A.J. Pierzynski,Atl,1,,,,,,,,,84.0,333.0,31.0,12.0,1.0,10.0,23.0,40.0,12.0,0.0,0.252,0.286,0.384
44,2210,Drew Stubbs,Col,,,,,,,1,,,96.0,390.0,60.0,17.0,3.0,12.0,32.0,38.0,33.0,19.0,0.246,0.305,0.397
45,2783,Domonic Brown*,Phi,,,,,,1,,,,117.0,462.0,53.0,23.0,2.0,14.0,39.0,64.0,36.0,7.0,0.253,0.306,0.403
46,2383,Alex Avila,Det,1,,,,,,,,,75.0,343.0,39.0,18.0,0.0,10.0,28.0,41.0,50.0,0.0,0.219,0.32,0.359
47,967,Dioner Navarro,Tor,1,,,,,,,,1.0,80.0,289.0,27.0,14.0,0.0,9.0,23.0,40.0,21.0,1.0,0.277,0.324,0.419
48,1933,Matt Joyce,LAA,,,,,,1,,,1.0,107.0,444.0,57.0,23.0,2.0,14.0,39.0,52.0,60.0,4.0,0.241,0.332,0.396
49,4234,Christian Bethancourt,Atl,1,,,,,,,,,91.0,362.0,32.0,14.0,0.0,6.0,20.0,39.0,11.0,8.0,0.251,0.274,0.34
